,run,precision,recall,f1,seg_id,num_endpoints,endpoints,invalidation_d,num_laplacian_iters,decimation_factor,comments,proposed_endpoints
0,1,0.2,0.5,0.28571428571428575,864691135920135864,2,"[[ 77575 107807  21133]
 [ 77000  99565  21215]]",4600,0,0.31,good,"[[ 77952 100674  21237]
 [ 77332 106417  21250]
 [ 76765  99760  21201]
 [ 77374 106375  21249]
 [ 77285 107835  21214]]"
1,2,0.2,0.5,0.28571428571428575,864691135920135864,2,"[[ 77575 107807  21133]
 [ 77000  99565  21215]]",4600,0,0.36444444444444446,good,"[[ 77952 100674  21237]
 [ 77332 106417  21250]
 [ 76765  99760  21201]
 [ 77374 106375  21249]
 [ 77285 107835  21214]]"
2,3,0.2,0.5,0.28571428571428575,864691135920135864,2,"[[ 77575 107807  21133]
 [ 77000  99565  21215]]",4600,0,0.41888888888888887,good,"[[ 77952 100674  21237]
 [ 77332 106417  21250]
 [ 76765  99760  21201]
 [ 77374 106375  21249]
 [ 77285 107835  21214]]"
3,4,0.2,0.5,0.28571428571428575,864691135920135864,2,"[[ 77575 107807  21133]
 [ 77000  99565  21215]]",4600,0,0.47333333333333333,good,"[[ 77952 100674  21237]
 [ 77332 106417  21250]
 [ 76765  99760  21201]
 [ 77374 106375  21249]
 [ 77285 107835  21214]]"
4,5,0.2,0.5,0.28571428571428575,864691135920135864,2,"[[ 77575 107807  21133]
 [ 77000  99565  21215]]",4600,0,0.5277777777777778,good,"[[ 77952 100674  21237]
 [ 77332 106417  21250]
 [ 76765  99760  21201]
 [ 77374 106375  21249]
 [ 77285 107835  21214]]"
5,6,0.2,0.5,0.28571428571428575,864691135920135864,2,"[[ 77575 107807  21133]
 [ 77000  99565  21215]]",4600,0,0.5822222222222222,good,"[[ 77952 100674  21237]
 [ 77332 106417  21250]
 [ 76765  99760  21201]
 [ 77374 106375  21249]
 [ 77285 107835  21214]]"
6,7,0.2,0.5,0.28571428571428575,864691135920135864,2,"[[ 77575 107807  21133]
 [ 77000  99565  21215]]",4600,0,0.6366666666666667,good,"[[ 77952 100674  21237]
 [ 77332 106417  21250]
 [ 76765  99760  21201]
 [ 77374 106375  21249]
 [ 77285 107835  21214]]"
7,8,0.2,0.5,0.28571428571428575,864691135920135864,2,"[[ 77575 107807  21133]
 [ 77000  99565  21215]]",4600,0,0.6911111111111111,good,"[[ 77952 100674  21237]
 [ 77332 106417  21250]
 [ 76765  99760  21201]
 [ 77374 106375  21249]
 [ 77285 107835  21214]]"
8,9,0.2,0.5,0.28571428571428575,864691135920135864,2,"[[ 77575 107807  21133]
 [ 77000  99565  21215]]",4600,0,0.7455555555555555,good,"[[ 77952 100674  21237]
 [ 77332 106417  21250]
 [ 76765  99760  21201]
 [ 77374 106375  21249]
 [ 77285 107835  21214]]"
9,10,0.2,0.5,0.28571428571428575,864691135920135864,2,"[[ 77575 107807  21133]
 [ 77000  99565  21215]]",4600,0,0.8,good,"[[ 77952 100674  21237]
 [ 77332 106417  21250]
 [ 76765  99760  21201]
 [ 77374 106375  21249]
 [ 77285 107835  21214]]"
10,11,0.2,0.5,0.28571428571428575,864691135920135864,2,"[[ 77575 107807  21133]
 [ 77000  99565  21215]]",4600,25,0.31,good,"[[ 77955 100680  21236]
 [ 77336 106420  21250]
 [ 77295 107822  21215]
 [ 76781  99744  21202]
 [ 77362 106372  21254]]"
11,12,0.2,0.5,0.28571428571428575,864691135920135864,2,"[[ 77575 107807  21133]
 [ 77000  99565  21215]]",4600,25,0.36444444444444446,good,"[[ 77955 100680  21236]
 [ 77336 106420  21250]
 [ 77295 107822  21215]
 [ 76781  99744  21202]
 [ 77362 106372  21254]]"
12,13,0.2,0.5,0.28571428571428575,864691135920135864,2,"[[ 77575 107807  21133]
 [ 77000  99565  21215]]",4600,25,0.41888888888888887,good,"[[ 77955 100680  21236]
 [ 77336 106420  21250]
 [ 77295 107822  21215]
 [ 76781  99744  21202]
 [ 77362 106372  21254]]"
13,14,0.2,0.5,0.28571428571428575,864691135920135864,2,"[[ 77575 107807  21133]
 [ 77000  99565  21215]]",4600,25,0.47333333333333333,good,"[[ 77955 100680  21236]
 [ 77336 106420  21250]
 [ 77295 107822  21215]
 [ 76781  99744  21202]
 [ 77362 106372  21254]]"
14,15,0.2,0.5,0.28571428571428575,864691135920135864,2,"[[ 77575 107807  21133]
 [ 77000  99565  21215]]",4600,25,0.5277777777777778,good,"[[ 77955 100680  21236]
 [ 77336 106420  21250]
 [ 77295 107822  21215]
 [ 76781  99744  21202]
 [ 77362 106372  21254]]"
15,16,0.2,0.5,0.28571428571428575,864691135920135864,2,"[[ 77575 107807  21133]
 [ 77000  99565  21215]]",4600,25,0.5822222222222222,good,"[[ 77955 100680  21236]
 [ 77336 106420  21250]
 [ 77295 107822  21215]
 [ 76781  99744  21202]
 [ 77362 106372  21254]]"
16,17,0.2,0.5,0.28571428571428575,864691135920135864,2,"[[ 77575 107807  21133]
 [ 77000  99565  21215]]",4600,25,0.6366666666666667,good,"[[ 77955 100680  21236]
 [ 77336 106420  21250]
 [ 77295 107822  21215]
 [ 76781  99744  21202]
 [ 77362 106372  21254]]"
17,18,0.2,0.5,0.28571428571428575,864691135920135864,2,"[[ 77575 107807  21133]
 [ 77000  99565  21215]]",4600,25,0.6911111111111111,good,"[[ 77955 100680  21236]
 [ 77336 106420  21250]
 [ 77295 107822  21215]
 [ 76781  99744  21202]
 [ 77362 106372  21254]]"
18,19,0.2,0.5,0.28571428571428575,864691135920135864,2,"[[ 77575 107807  21133]
 [ 77000  99565  21215]]",4600,25,0.7455555555555555,good,"[[ 77955 100680  21236]
 [ 77336 106420  21250]
 [ 77295 107822  21215]
 [ 76781  99744  21202]
 [ 77362 106372  21254]]"
19,20,0.2,0.5,0.28571428571428575,864691135920135864,2,"[[ 77575 107807  21133]
 [ 77000  99565  21215]]",4600,25,0.8,good,"[[ 77955 100680  21236]
 [ 77336 106420  21250]
 [ 77295 107822  21215]
 [ 76781  99744  21202]
 [ 77362 106372  21254]]"
20,21,0.2,0.5,0.28571428571428575,864691135920135864,2,"[[ 77575 107807  21133]
 [ 77000  99565  21215]]",4600,50,0.31,good,"[[ 77953 100681  21236]
 [ 77337 106420  21250]
 [ 77295 107823  21215]
 [ 76782  99739  21202]
 [ 77359 106373  21254]]"
21,22,0.2,0.5,0.28571428571428575,864691135920135864,2,"[[ 77575 107807  21133]
 [ 77000  99565  21215]]",4600,50,0.36444444444444446,good,"[[ 77953 100681  21236]
 [ 77337 106420  21250]
 [ 77295 107823  21215]
 [ 76782  99739  21202]
 [ 77359 106373  21254]]"
22,23,0.2,0.5,0.28571428571428575,864691135920135864,2,"[[ 77575 107807  21133]
 [ 77000  99565  21215]]",4600,50,0.41888888888888887,good,"[[ 77953 100681  21236]
 [ 77337 106420  21250]
 [ 77295 107823  21215]
 [ 76782  99739  21202]
 [ 77359 106373  21254]]"
23,24,0.2,0.5,0.28571428571428575,864691135920135864,2,"[[ 77575 107807  21133]
 [ 77000  99565  21215]]",4600,50,0.47333333333333333,good,"[[ 77953 100681  21236]
 [ 77337 106420  21250]
 [ 77295 107823  21215]
 [ 76782  99739  21202]
 [ 77359 106373  21254]]"
24,25,0.2,0.5,0.28571428571428575,864691135920135864,2,"[[ 77575 107807  21133]
 [ 77000  99565  21215]]",4600,50,0.5277777777777778,good,"[[ 77953 100681  21236]
 [ 77337 106420  21250]
 [ 77295 107823  21215]
 [ 76782  99739  21202]
 [ 77359 106373  21254]]"
25,26,0.2,0.5,0.28571428571428575,864691135920135864,2,"[[ 77575 107807  21133]
 [ 77000  99565  21215]]",4600,50,0.5822222222222222,good,"[[ 77953 100681  21236]
 [ 77337 106420  21250]
 [ 77295 107823  21215]
 [ 76782  99739  21202]
 [ 77359 106373  21254]]"
26,27,0.2,0.5,0.28571428571428575,864691135920135864,2,"[[ 77575 107807  21133]
 [ 77000  99565  21215]]",4600,50,0.6366666666666667,good,"[[ 77953 100681  21236]
 [ 77337 106420  21250]
 [ 77295 107823  21215]
 [ 76782  99739  21202]
 [ 77359 106373  21254]]"
27,28,0.2,0.5,0.28571428571428575,864691135920135864,2,"[[ 77575 107807  21133]
 [ 77000  99565  21215]]",4600,50,0.6911111111111111,good,"[[ 77953 100681  21236]
 [ 77337 106420  21250]
 [ 77295 107823  21215]
 [ 76782  99739  21202]
 [ 77359 106373  21254]]"
28,29,0.2,0.5,0.28571428571428575,864691135920135864,2,"[[ 77575 107807  21133]
 [ 77000  99565  21215]]",4600,50,0.7455555555555555,good,"[[ 77953 100681  21236]
 [ 77337 106420  21250]
 [ 77295 107823  21215]
 [ 76782  99739  21202]
 [ 77359 106373  21254]]"
29,30,0.2,0.5,0.28571428571428575,864691135920135864,2,"[[ 77575 107807  21133]
 [ 77000  99565  21215]]",4600,50,0.8,good,"[[ 77953 100681  21236]
 [ 77337 106420  21250]
 [ 77295 107823  21215]
 [ 76782  99739  21202]
 [ 77359 106373  21254]]"
30,31,0.2,0.5,0.28571428571428575,864691135920135864,2,"[[ 77575 107807  21133]
 [ 77000  99565  21215]]",4600,75,0.31,good,"[[ 77951 100683  21237]
 [ 77338 106419  21250]
 [ 77368 106388  21248]
 [ 77295 107823  21215]
 [ 76782  99744  21203]]"
31,32,0.2,0.5,0.28571428571428575,864691135920135864,2,"[[ 77575 107807  21133]
 [ 77000  99565  21215]]",4600,75,0.36444444444444446,good,"[[ 77951 100683  21237]
 [ 77338 106419  21250]
 [ 77368 106388  21248]
 [ 77295 107823  21215]
 [ 76782  99744  21203]]"
32,33,0.2,0.5,0.28571428571428575,864691135920135864,2,"[[ 77575 107807  21133]
 [ 77000  99565  21215]]",4600,75,0.41888888888888887,good,"[[ 77951 100683  21237]
 [ 77338 106419  21250]
 [ 77368 106388  21248]
 [ 77295 107823  21215]
 [ 76782  99744  21203]]"
33,34,0.2,0.5,0.28571428571428575,864691135920135864,2,"[[ 77575 107807  21133]
 [ 77000  99565  21215]]",4600,75,0.47333333333333333,good,"[[ 77951 100683  21237]
 [ 77338 106419  21250]
 [ 77368 106388  21248]
 [ 77295 107823  21215]
 [ 76782  99744  21203]]"
34,35,0.2,0.5,0.28571428571428575,864691135920135864,2,"[[ 77575 107807  21133]
 [ 77000  99565  21215]]",4600,75,0.5277777777777778,good,"[[ 77951 100683  21237]
 [ 77338 106419  21250]
 [ 77368 106388  21248]
 [ 77295 107823  21215]
 [ 76782  99744  21203]]"
35,36,0.2,0.5,0.28571428571428575,864691135920135864,2,"[[ 77575 107807  21133]
 [ 77000  99565  21215]]",4600,75,0.5822222222222222,good,"[[ 77951 100683  21237]
 [ 77338 106419  21250]
 [ 77368 106388  21248]
 [ 77295 107823  21215]
 [ 76782  99744  21203]]"
36,37,0.2,0.5,0.28571428571428575,864691135920135864,2,"[[ 77575 107807  21133]
 [ 77000  99565  21215]]",4600,75,0.6366666666666667,good,"[[ 77951 100683  21237]
 [ 77338 106419  21250]
 [ 77368 106388  21248]
 [ 77295 107823  21215]
 [ 76782  99744  21203]]"
37,38,0.2,0.5,0.28571428571428575,864691135920135864,2,"[[ 77575 107807  21133]
 [ 77000  99565  21215]]",4600,75,0.6911111111111111,good,"[[ 77951 100683  21237]
 [ 77338 106419  21250]
 [ 77368 106388  21248]
 [ 77295 107823  21215]
 [ 76782  99744  21203]]"
38,39,0.2,0.5,0.28571428571428575,864691135920135864,2,"[[ 77575 107807  21133]
 [ 77000  99565  21215]]",4600,75,0.7455555555555555,good,"[[ 77951 100683  21237]
 [ 77338 106419  21250]
 [ 77368 106388  21248]
 [ 77295 107823  21215]
 [ 76782  99744  21203]]"
39,40,0.2,0.5,0.28571428571428575,864691135920135864,2,"[[ 77575 107807  21133]
 [ 77000  99565  21215]]",4600,75,0.8,good,"[[ 77951 100683  21237]
 [ 77338 106419  21250]
 [ 77368 106388  21248]
 [ 77295 107823  21215]
 [ 76782  99744  21203]]"
40,41,0.2,0.5,0.28571428571428575,864691135920135864,2,"[[ 77575 107807  21133]
 [ 77000  99565  21215]]",4600,100,0.31,good,"[[ 77951 100683  21237]
 [ 77338 106419  21250]
 [ 77368 106388  21248]
 [ 77295 107823  21215]
 [ 76782  99744  21203]]"
41,42,0.2,0.5,0.28571428571428575,864691135920135864,2,"[[ 77575 107807  21133]
 [ 77000  99565  21215]]",4600,100,0.36444444444444446,good,"[[ 77951 100683  21237]
 [ 77338 106419  21250]
 [ 77368 106388  21248]
 [ 77295 107823  21215]
 [ 76782  99744  21203]]"
42,43,0.2,0.5,0.28571428571428575,864691135920135864,2,"[[ 77575 107807  21133]
 [ 77000  99565  21215]]",4600,100,0.41888888888888887,good,"[[ 77951 100683  21237]
 [ 77338 106419  21250]
 [ 77368 106388  21248]
 [ 77295 107823  21215]
 [ 76782  99744  21203]]"
43,44,0.2,0.5,0.28571428571428575,864691135920135864,2,"[[ 77575 107807  21133]
 [ 77000  99565  21215]]",4600,100,0.47333333333333333,good,"[[ 77951 100683  21237]
 [ 77338 106419  21250]
 [ 77368 106388  21248]
 [ 77295 107823  21215]
 [ 76782  99744  21203]]"
44,45,0.2,0.5,0.28571428571428575,864691135920135864,2,"[[ 77575 107807  21133]
 [ 77000  99565  21215]]",4600,100,0.5277777777777778,good,"[[ 77951 100683  21237]
 [ 77338 106419  21250]
 [ 77368 106388  21248]
 [ 77295 107823  21215]
 [ 76782  99744  21203]]"
45,46,0.2,0.5,0.28571428571428575,864691135920135864,2,"[[ 77575 107807  21133]
 [ 77000  99565  21215]]",4600,100,0.5822222222222222,good,"[[ 77951 100683  21237]
 [ 77338 106419  21250]
 [ 77368 106388  21248]
 [ 77295 107823  21215]
 [ 76782  99744  21203]]"
46,47,0.2,0.5,0.28571428571428575,864691135920135864,2,"[[ 77575 107807  21133]
 [ 77000  99565  21215]]",4600,100,0.6366666666666667,good,"[[ 77951 100683  21237]
 [ 77338 106419  21250]
 [ 77368 106388  21248]
 [ 77295 107823  21215]
 [ 76782  99744  21203]]"
47,48,0.2,0.5,0.28571428571428575,864691135920135864,2,"[[ 77575 107807  21133]
 [ 77000  99565  21215]]",4600,100,0.6911111111111111,good,"[[ 77951 100683  21237]
 [ 77338 106419  21250]
 [ 77368 106388  21248]
 [ 77295 107823  21215]
 [ 76782  99744  21203]]"
48,49,0.2,0.5,0.28571428571428575,864691135920135864,2,"[[ 77575 107807  21133]
 [ 77000  99565  21215]]",4600,100,0.7455555555555555,good,"[[ 77951 100683  21237]
 [ 77338 106419  21250]
 [ 77368 106388  21248]
 [ 77295 107823  21215]
 [ 76782  99744  21203]]"
49,50,0.2,0.5,0.28571428571428575,864691135920135864,2,"[[ 77575 107807  21133]
 [ 77000  99565  21215]]",4600,100,0.8,good,"[[ 77951 100683  21237]
 [ 77338 106419  21250]
 [ 77368 106388  21248]
 [ 77295 107823  21215]
 [ 76782  99744  21203]]"
50,51,0.2,0.5,0.28571428571428575,864691135920135864,2,"[[ 77575 107807  21133]
 [ 77000  99565  21215]]",4600,125,0.31,good,"[[ 77951 100683  21237]
 [ 77338 106419  21250]
 [ 77368 106388  21248]
 [ 77295 107823  21215]
 [ 76782  99744  21203]]"
51,52,0.2,0.5,0.28571428571428575,864691135920135864,2,"[[ 77575 107807  21133]
 [ 77000  99565  21215]]",4600,125,0.36444444444444446,good,"[[ 77951 100683  21237]
 [ 77338 106419  21250]
 [ 77368 106388  21248]
 [ 77295 107823  21215]
 [ 76782  99744  21203]]"
52,53,0.2,0.5,0.28571428571428575,864691135920135864,2,"[[ 77575 107807  21133]
 [ 77000  99565  21215]]",4600,125,0.41888888888888887,good,"[[ 77951 100683  21237]
 [ 77338 106419  21250]
 [ 77368 106388  21248]
 [ 77295 107823  21215]
 [ 76782  99744  21203]]"
53,54,0.2,0.5,0.28571428571428575,864691135920135864,2,"[[ 77575 107807  21133]
 [ 77000  99565  21215]]",4600,125,0.47333333333333333,good,"[[ 77951 100683  21237]
 [ 77338 106419  21250]
 [ 77368 106388  21248]
 [ 77295 107823  21215]
 [ 76782  99744  21203]]"
54,55,0.2,0.5,0.28571428571428575,864691135920135864,2,"[[ 77575 107807  21133]
 [ 77000  99565  21215]]",4600,125,0.5277777777777778,good,"[[ 77951 100683  21237]
 [ 77338 106419  21250]
 [ 77368 106388  21248]
 [ 77295 107823  21215]
 [ 76782  99744  21203]]"
55,56,0.2,0.5,0.28571428571428575,864691135920135864,2,"[[ 77575 107807  21133]
 [ 77000  99565  21215]]",4600,125,0.5822222222222222,good,"[[ 77951 100683  21237]
 [ 77338 106419  21250]
 [ 77368 106388  21248]
 [ 77295 107823  21215]
 [ 76782  99744  21203]]"
56,57,0.2,0.5,0.28571428571428575,864691135920135864,2,"[[ 77575 107807  21133]
 [ 77000  99565  21215]]",4600,125,0.6366666666666667,good,"[[ 77951 100683  21237]
 [ 77338 106419  21250]
 [ 77368 106388  21248]
 [ 77295 107823  21215]
 [ 76782  99744  21203]]"
57,58,0.2,0.5,0.28571428571428575,864691135920135864,2,"[[ 77575 107807  21133]
 [ 77000  99565  21215]]",4600,125,0.6911111111111111,good,"[[ 77951 100683  21237]
 [ 77338 106419  21250]
 [ 77368 106388  21248]
 [ 77295 107823  21215]
 [ 76782  99744  21203]]"
58,59,0.2,0.5,0.28571428571428575,864691135920135864,2,"[[ 77575 107807  21133]
 [ 77000  99565  21215]]",4600,125,0.7455555555555555,good,"[[ 77951 100683  21237]
 [ 77338 106419  21250]
 [ 77368 106388  21248]
 [ 77295 107823  21215]
 [ 76782  99744  21203]]"
59,60,0.2,0.5,0.28571428571428575,864691135920135864,2,"[[ 77575 107807  21133]
 [ 77000  99565  21215]]",4600,125,0.8,good,"[[ 77951 100683  21237]
 [ 77338 106419  21250]
 [ 77368 106388  21248]
 [ 77295 107823  21215]
 [ 76782  99744  21203]]"
60,61,0.2,0.5,0.28571428571428575,864691135920135864,2,"[[ 77575 107807  21133]
 [ 77000  99565  21215]]",4600,150,0.31,good,"[[ 77951 100683  21237]
 [ 77338 106419  21250]
 [ 77368 106388  21248]
 [ 77295 107823  21215]
 [ 76782  99744  21203]]"
61,62,0.2,0.5,0.28571428571428575,864691135920135864,2,"[[ 77575 107807  21133]
 [ 77000  99565  21215]]",4600,150,0.36444444444444446,good,"[[ 77951 100683  21237]
 [ 77338 106419  21250]
 [ 77368 106388  21248]
 [ 77295 107823  21215]
 [ 76782  99744  21203]]"
62,63,0.2,0.5,0.28571428571428575,864691135920135864,2,"[[ 77575 107807  21133]
 [ 77000  99565  21215]]",4600,150,0.41888888888888887,good,"[[ 77951 100683  21237]
 [ 77338 106419  21250]
 [ 77368 106388  21248]
 [ 77295 107823  21215]
 [ 76782  99744  21203]]"
63,64,0.2,0.5,0.28571428571428575,864691135920135864,2,"[[ 77575 107807  21133]
 [ 77000  99565  21215]]",4600,150,0.47333333333333333,good,"[[ 77951 100683  21237]
 [ 77338 106419  21250]
 [ 77368 106388  21248]
 [ 77295 107823  21215]
 [ 76782  99744  21203]]"
64,65,0.2,0.5,0.28571428571428575,864691135920135864,2,"[[ 77575 107807  21133]
 [ 77000  99565  21215]]",4600,150,0.5277777777777778,good,"[[ 77951 100683  21237]
 [ 77338 106419  21250]
 [ 77368 106388  21248]
 [ 77295 107823  21215]
 [ 76782  99744  21203]]"
65,66,0.2,0.5,0.28571428571428575,864691135920135864,2,"[[ 77575 107807  21133]
 [ 77000  99565  21215]]",4600,150,0.5822222222222222,good,"[[ 77951 100683  21237]
 [ 77338 106419  21250]
 [ 77368 106388  21248]
 [ 77295 107823  21215]
 [ 76782  99744  21203]]"
66,67,0.2,0.5,0.28571428571428575,864691135920135864,2,"[[ 77575 107807  21133]
 [ 77000  99565  21215]]",4600,150,0.6366666666666667,good,"[[ 77951 100683  21237]
 [ 77338 106419  21250]
 [ 77368 106388  21248]
 [ 77295 107823  21215]
 [ 76782  99744  21203]]"
67,68,0.2,0.5,0.28571428571428575,864691135920135864,2,"[[ 77575 107807  21133]
 [ 77000  99565  21215]]",4600,150,0.6911111111111111,good,"[[ 77951 100683  21237]
 [ 77338 106419  21250]
 [ 77368 106388  21248]
 [ 77295 107823  21215]
 [ 76782  99744  21203]]"
68,69,0.2,0.5,0.28571428571428575,864691135920135864,2,"[[ 77575 107807  21133]
 [ 77000  99565  21215]]",4600,150,0.7455555555555555,good,"[[ 77951 100683  21237]
 [ 77338 106419  21250]
 [ 77368 106388  21248]
 [ 77295 107823  21215]
 [ 76782  99744  21203]]"
69,70,0.2,0.5,0.28571428571428575,864691135920135864,2,"[[ 77575 107807  21133]
 [ 77000  99565  21215]]",4600,150,0.8,good,"[[ 77951 100683  21237]
 [ 77338 106419  21250]
 [ 77368 106388  21248]
 [ 77295 107823  21215]
 [ 76782  99744  21203]]"
70,71,0.2,0.5,0.28571428571428575,864691135920135864,2,"[[ 77575 107807  21133]
 [ 77000  99565  21215]]",4600,175,0.31,good,"[[ 77951 100683  21237]
 [ 77338 106419  21250]
 [ 77368 106388  21248]
 [ 77295 107823  21215]
 [ 76782  99744  21203]]"
71,72,0.2,0.5,0.28571428571428575,864691135920135864,2,"[[ 77575 107807  21133]
 [ 77000  99565  21215]]",4600,175,0.36444444444444446,good,"[[ 77951 100683  21237]
 [ 77338 106419  21250]
 [ 77368 106388  21248]
 [ 77295 107823  21215]
 [ 76782  99744  21203]]"
72,73,0.2,0.5,0.28571428571428575,864691135920135864,2,"[[ 77575 107807  21133]
 [ 77000  99565  21215]]",4600,175,0.41888888888888887,good,"[[ 77951 100683  21237]
 [ 77338 106419  21250]
 [ 77368 106388  21248]
 [ 77295 107823  21215]
 [ 76782  99744  21203]]"
73,74,0.2,0.5,0.28571428571428575,864691135920135864,2,"[[ 77575 107807  21133]
 [ 77000  99565  21215]]",4600,175,0.47333333333333333,good,"[[ 77951 100683  21237]
 [ 77338 106419  21250]
 [ 77368 106388  21248]
 [ 77295 107823  21215]
 [ 76782  99744  21203]]"
74,75,0.2,0.5,0.28571428571428575,864691135920135864,2,"[[ 77575 107807  21133]
 [ 77000  99565  21215]]",4600,175,0.5277777777777778,good,"[[ 77951 100683  21237]
 [ 77338 106419  21250]
 [ 77368 106388  21248]
 [ 77295 107823  21215]
 [ 76782  99744  21203]]"
75,76,0.2,0.5,0.28571428571428575,864691135920135864,2,"[[ 77575 107807  21133]
 [ 77000  99565  21215]]",4600,175,0.5822222222222222,good,"[[ 77951 100683  21237]
 [ 77338 106419  21250]
 [ 77368 106388  21248]
 [ 77295 107823  21215]
 [ 76782  99744  21203]]"
76,77,0.2,0.5,0.28571428571428575,864691135920135864,2,"[[ 77575 107807  21133]
 [ 77000  99565  21215]]",4600,175,0.6366666666666667,good,"[[ 77951 100683  21237]
 [ 77338 106419  21250]
 [ 77368 106388  21248]
 [ 77295 107823  21215]
 [ 76782  99744  21203]]"
77,78,0.2,0.5,0.28571428571428575,864691135920135864,2,"[[ 77575 107807  21133]
 [ 77000  99565  21215]]",4600,175,0.6911111111111111,good,"[[ 77951 100683  21237]
 [ 77338 106419  21250]
 [ 77368 106388  21248]
 [ 77295 107823  21215]
 [ 76782  99744  21203]]"
78,79,0.2,0.5,0.28571428571428575,864691135920135864,2,"[[ 77575 107807  21133]
 [ 77000  99565  21215]]",4600,175,0.7455555555555555,good,"[[ 77951 100683  21237]
 [ 77338 106419  21250]
 [ 77368 106388  21248]
 [ 77295 107823  21215]
 [ 76782  99744  21203]]"
79,80,0.2,0.5,0.28571428571428575,864691135920135864,2,"[[ 77575 107807  21133]
 [ 77000  99565  21215]]",4600,175,0.8,good,"[[ 77951 100683  21237]
 [ 77338 106419  21250]
 [ 77368 106388  21248]
 [ 77295 107823  21215]
 [ 76782  99744  21203]]"
80,81,0.2,0.5,0.28571428571428575,864691135920135864,2,"[[ 77575 107807  21133]
 [ 77000  99565  21215]]",4600,200,0.31,good,"[[ 77951 100683  21237]
 [ 77338 106419  21250]
 [ 77368 106388  21248]
 [ 77295 107823  21215]
 [ 76782  99744  21203]]"
81,82,0.2,0.5,0.28571428571428575,864691135920135864,2,"[[ 77575 107807  21133]
 [ 77000  99565  21215]]",4600,200,0.36444444444444446,good,"[[ 77951 100683  21237]
 [ 77338 106419  21250]
 [ 77368 106388  21248]
 [ 77295 107823  21215]
 [ 76782  99744  21203]]"
82,83,0.2,0.5,0.28571428571428575,864691135920135864,2,"[[ 77575 107807  21133]
 [ 77000  99565  21215]]",4600,200,0.41888888888888887,good,"[[ 77951 100683  21237]
 [ 77338 106419  21250]
 [ 77368 106388  21248]
 [ 77295 107823  21215]
 [ 76782  99744  21203]]"
83,84,0.2,0.5,0.28571428571428575,864691135920135864,2,"[[ 77575 107807  21133]
 [ 77000  99565  21215]]",4600,200,0.47333333333333333,good,"[[ 77951 100683  21237]
 [ 77338 106419  21250]
 [ 77368 106388  21248]
 [ 77295 107823  21215]
 [ 76782  99744  21203]]"
84,85,0.2,0.5,0.28571428571428575,864691135920135864,2,"[[ 77575 107807  21133]
 [ 77000  99565  21215]]",4600,200,0.5277777777777778,good,"[[ 77951 100683  21237]
 [ 77338 106419  21250]
 [ 77368 106388  21248]
 [ 77295 107823  21215]
 [ 76782  99744  21203]]"
85,86,0.2,0.5,0.28571428571428575,864691135920135864,2,"[[ 77575 107807  21133]
 [ 77000  99565  21215]]",4600,200,0.5822222222222222,good,"[[ 77951 100683  21237]
 [ 77338 106419  21250]
 [ 77368 106388  21248]
 [ 77295 107823  21215]
 [ 76782  99744  21203]]"
86,87,0.2,0.5,0.28571428571428575,864691135920135864,2,"[[ 77575 107807  21133]
 [ 77000  99565  21215]]",4600,200,0.6366666666666667,good,"[[ 77951 100683  21237]
 [ 77338 106419  21250]
 [ 77368 106388  21248]
 [ 77295 107823  21215]
 [ 76782  99744  21203]]"
87,88,0.2,0.5,0.28571428571428575,864691135920135864,2,"[[ 77575 107807  21133]
 [ 77000  99565  21215]]",4600,200,0.6911111111111111,good,"[[ 77951 100683  21237]
 [ 77338 106419  21250]
 [ 77368 106388  21248]
 [ 77295 107823  21215]
 [ 76782  99744  21203]]"
88,89,0.2,0.5,0.28571428571428575,864691135920135864,2,"[[ 77575 107807  21133]
 [ 77000  99565  21215]]",4600,200,0.7455555555555555,good,"[[ 77951 100683  21237]
 [ 77338 106419  21250]
 [ 77368 106388  21248]
 [ 77295 107823  21215]
 [ 76782  99744  21203]]"
89,90,0.2,0.5,0.28571428571428575,864691135920135864,2,"[[ 77575 107807  21133]
 [ 77000  99565  21215]]",4600,200,0.8,good,"[[ 77951 100683  21237]
 [ 77338 106419  21250]
 [ 77368 106388  21248]
 [ 77295 107823  21215]
 [ 76782  99744  21203]]"
90,91,0.2,0.5,0.28571428571428575,864691135920135864,2,"[[ 77575 107807  21133]
 [ 77000  99565  21215]]",4600,225,0.31,good,"[[ 77951 100683  21237]
 [ 77338 106419  21250]
 [ 77368 106388  21248]
 [ 77295 107823  21215]
 [ 76782  99744  21203]]"
91,92,0.2,0.5,0.28571428571428575,864691135920135864,2,"[[ 77575 107807  21133]
 [ 77000  99565  21215]]",4600,225,0.36444444444444446,good,"[[ 77951 100683  21237]
 [ 77338 106419  21250]
 [ 77368 106388  21248]
 [ 77295 107823  21215]
 [ 76782  99744  21203]]"
92,93,0.2,0.5,0.28571428571428575,864691135920135864,2,"[[ 77575 107807  21133]
 [ 77000  99565  21215]]",4600,225,0.41888888888888887,good,"[[ 77951 100683  21237]
 [ 77338 106419  21250]
 [ 77368 106388  21248]
 [ 77295 107823  21215]
 [ 76782  99744  21203]]"
93,94,0.2,0.5,0.28571428571428575,864691135920135864,2,"[[ 77575 107807  21133]
 [ 77000  99565  21215]]",4600,225,0.47333333333333333,good,"[[ 77951 100683  21237]
 [ 77338 106419  21250]
 [ 77368 106388  21248]
 [ 77295 107823  21215]
 [ 76782  99744  21203]]"
94,95,0.2,0.5,0.28571428571428575,864691135920135864,2,"[[ 77575 107807  21133]
 [ 77000  99565  21215]]",4600,225,0.5277777777777778,good,"[[ 77951 100683  21237]
 [ 77338 106419  21250]
 [ 77368 106388  21248]
 [ 77295 107823  21215]
 [ 76782  99744  21203]]"
95,96,0.2,0.5,0.28571428571428575,864691135920135864,2,"[[ 77575 107807  21133]
 [ 77000  99565  21215]]",4600,225,0.5822222222222222,good,"[[ 77951 100683  21237]
 [ 77338 106419  21250]
 [ 77368 106388  21248]
 [ 77295 107823  21215]
 [ 76782  99744  21203]]"
96,97,0.2,0.5,0.28571428571428575,864691135920135864,2,"[[ 77575 107807  21133]
 [ 77000  99565  21215]]",4600,225,0.6366666666666667,good,"[[ 77951 100683  21237]
 [ 77338 106419  21250]
 [ 77368 106388  21248]
 [ 77295 107823  21215]
 [ 76782  99744  21203]]"
97,98,0.2,0.5,0.28571428571428575,864691135920135864,2,"[[ 77575 107807  21133]
 [ 77000  99565  21215]]",4600,225,0.6911111111111111,good,"[[ 77951 100683  21237]
 [ 77338 106419  21250]
 [ 77368 106388  21248]
 [ 77295 107823  21215]
 [ 76782  99744  21203]]"
98,99,0.2,0.5,0.28571428571428575,864691135920135864,2,"[[ 77575 107807  21133]
 [ 77000  99565  21215]]",4600,225,0.7455555555555555,good,"[[ 77951 100683  21237]
 [ 77338 106419  21250]
 [ 77368 106388  21248]
 [ 77295 107823  21215]
 [ 76782  99744  21203]]"
99,100,0.2,0.5,0.28571428571428575,864691135920135864,2,"[[ 77575 107807  21133]
 [ 77000  99565  21215]]",4600,225,0.8,good,"[[ 77951 100683  21237]
 [ 77338 106419  21250]
 [ 77368 106388  21248]
 [ 77295 107823  21215]
 [ 76782  99744  21203]]"
100,101,0.2,0.5,0.28571428571428575,864691135920135864,2,"[[ 77575 107807  21133]
 [ 77000  99565  21215]]",4800,0,0.31,good,"[[ 77951 100683  21237]
 [ 77338 106419  21250]
 [ 77368 106388  21248]
 [ 77295 107823  21215]
 [ 76782  99744  21203]]"
101,102,0.2,0.5,0.28571428571428575,864691135920135864,2,"[[ 77575 107807  21133]
 [ 77000  99565  21215]]",4800,0,0.36444444444444446,good,"[[ 77951 100683  21237]
 [ 77338 106419  21250]
 [ 77368 106388  21248]
 [ 77295 107823  21215]
 [ 76782  99744  21203]]"
102,103,0.2,0.5,0.28571428571428575,864691135920135864,2,"[[ 77575 107807  21133]
 [ 77000  99565  21215]]",4800,0,0.41888888888888887,good,"[[ 77951 100683  21237]
 [ 77338 106419  21250]
 [ 77368 106388  21248]
 [ 77295 107823  21215]
 [ 76782  99744  21203]]"
103,104,0.2,0.5,0.28571428571428575,864691135920135864,2,"[[ 77575 107807  21133]
 [ 77000  99565  21215]]",4800,0,0.47333333333333333,good,"[[ 77951 100683  21237]
 [ 77338 106419  21250]
 [ 77368 106388  21248]
 [ 77295 107823  21215]
 [ 76782  99744  21203]]"
104,105,0.2,0.5,0.28571428571428575,864691135920135864,2,"[[ 77575 107807  21133]
 [ 77000  99565  21215]]",4800,0,0.5277777777777778,good,"[[ 77951 100683  21237]
 [ 77338 106419  21250]
 [ 77368 106388  21248]
 [ 77295 107823  21215]
 [ 76782  99744  21203]]"
105,106,0.2,0.5,0.28571428571428575,864691135920135864,2,"[[ 77575 107807  21133]
 [ 77000  99565  21215]]",4800,0,0.5822222222222222,good,"[[ 77951 100683  21237]
 [ 77338 106419  21250]
 [ 77368 106388  21248]
 [ 77295 107823  21215]
 [ 76782  99744  21203]]"
106,107,0.2,0.5,0.28571428571428575,864691135920135864,2,"[[ 77575 107807  21133]
 [ 77000  99565  21215]]",4800,0,0.6366666666666667,good,"[[ 77951 100683  21237]
 [ 77338 106419  21250]
 [ 77368 106388  21248]
 [ 77295 107823  21215]
 [ 76782  99744  21203]]"
107,108,0.2,0.5,0.28571428571428575,864691135920135864,2,"[[ 77575 107807  21133]
 [ 77000  99565  21215]]",4800,0,0.6911111111111111,good,"[[ 77951 100683  21237]
 [ 77338 106419  21250]
 [ 77368 106388  21248]
 [ 77295 107823  21215]
 [ 76782  99744  21203]]"
108,109,0.2,0.5,0.28571428571428575,864691135920135864,2,"[[ 77575 107807  21133]
 [ 77000  99565  21215]]",4800,0,0.7455555555555555,good,"[[ 77951 100683  21237]
 [ 77338 106419  21250]
 [ 77368 106388  21248]
 [ 77295 107823  21215]
 [ 76782  99744  21203]]"
109,110,0.2,0.5,0.28571428571428575,864691135920135864,2,"[[ 77575 107807  21133]
 [ 77000  99565  21215]]",4800,0,0.8,good,"[[ 77951 100683  21237]
 [ 77338 106419  21250]
 [ 77368 106388  21248]
 [ 77295 107823  21215]
 [ 76782  99744  21203]]"
110,111,0.2,0.5,0.28571428571428575,864691135920135864,2,"[[ 77575 107807  21133]
 [ 77000  99565  21215]]",4800,25,0.31,good,"[[ 77951 100683  21237]
 [ 77338 106419  21250]
 [ 77368 106388  21248]
 [ 77295 107823  21215]
 [ 76782  99744  21203]]"
111,112,0.2,0.5,0.28571428571428575,864691135920135864,2,"[[ 77575 107807  21133]
 [ 77000  99565  21215]]",4800,25,0.36444444444444446,good,"[[ 77951 100683  21237]
 [ 77338 106419  21250]
 [ 77368 106388  21248]
 [ 77295 107823  21215]
 [ 76782  99744  21203]]"
112,113,0.2,0.5,0.28571428571428575,864691135920135864,2,"[[ 77575 107807  21133]
 [ 77000  99565  21215]]",4800,25,0.41888888888888887,good,"[[ 77951 100683  21237]
 [ 77338 106419  21250]
 [ 77368 106388  21248]
 [ 77295 107823  21215]
 [ 76782  99744  21203]]"
113,114,0.2,0.5,0.28571428571428575,864691135920135864,2,"[[ 77575 107807  21133]
 [ 77000  99565  21215]]",4800,25,0.47333333333333333,good,"[[ 77951 100683  21237]
 [ 77338 106419  21250]
 [ 77368 106388  21248]
 [ 77295 107823  21215]
 [ 76782  99744  21203]]"
114,115,0.2,0.5,0.28571428571428575,864691135920135864,2,"[[ 77575 107807  21133]
 [ 77000  99565  21215]]",4800,25,0.5277777777777778,good,"[[ 77951 100683  21237]
 [ 77338 106419  21250]
 [ 77368 106388  21248]
 [ 77295 107823  21215]
 [ 76782  99744  21203]]"
115,116,0.2,0.5,0.28571428571428575,864691135920135864,2,"[[ 77575 107807  21133]
 [ 77000  99565  21215]]",4800,25,0.5822222222222222,good,"[[ 77951 100683  21237]
 [ 77338 106419  21250]
 [ 77368 106388  21248]
 [ 77295 107823  21215]
 [ 76782  99744  21203]]"
116,117,0.2,0.5,0.28571428571428575,864691135920135864,2,"[[ 77575 107807  21133]
 [ 77000  99565  21215]]",4800,25,0.6366666666666667,good,"[[ 77951 100683  21237]
 [ 77338 106419  21250]
 [ 77368 106388  21248]
 [ 77295 107823  21215]
 [ 76782  99744  21203]]"
117,118,0.2,0.5,0.28571428571428575,864691135920135864,2,"[[ 77575 107807  21133]
 [ 77000  99565  21215]]",4800,25,0.6911111111111111,good,"[[ 77951 100683  21237]
 [ 77338 106419  21250]
 [ 77368 106388  21248]
 [ 77295 107823  21215]
 [ 76782  99744  21203]]"
118,119,0.2,0.5,0.28571428571428575,864691135920135864,2,"[[ 77575 107807  21133]
 [ 77000  99565  21215]]",4800,25,0.7455555555555555,good,"[[ 77951 100683  21237]
 [ 77338 106419  21250]
 [ 77368 106388  21248]
 [ 77295 107823  21215]
 [ 76782  99744  21203]]"
119,120,0.2,0.5,0.28571428571428575,864691135920135864,2,"[[ 77575 107807  21133]
 [ 77000  99565  21215]]",4800,25,0.8,good,"[[ 77951 100683  21237]
 [ 77338 106419  21250]
 [ 77368 106388  21248]
 [ 77295 107823  21215]
 [ 76782  99744  21203]]"
120,121,0.2,0.5,0.28571428571428575,864691135920135864,2,"[[ 77575 107807  21133]
 [ 77000  99565  21215]]",4800,50,0.31,good,"[[ 77951 100683  21237]
 [ 77338 106419  21250]
 [ 77368 106388  21248]
 [ 77295 107823  21215]
 [ 76782  99744  21203]]"
121,122,0.2,0.5,0.28571428571428575,864691135920135864,2,"[[ 77575 107807  21133]
 [ 77000  99565  21215]]",4800,50,0.36444444444444446,good,"[[ 77951 100683  21237]
 [ 77338 106419  21250]
 [ 77368 106388  21248]
 [ 77295 107823  21215]
 [ 76782  99744  21203]]"
122,123,0.2,0.5,0.28571428571428575,864691135920135864,2,"[[ 77575 107807  21133]
 [ 77000  99565  21215]]",4800,50,0.41888888888888887,good,"[[ 77953 100681  21236]
 [ 77337 106420  21250]
 [ 77295 107823  21215]
 [ 76782  99739  21202]
 [ 77359 106373  21254]]"
123,124,0.2,0.5,0.28571428571428575,864691135920135864,2,"[[ 77575 107807  21133]
 [ 77000  99565  21215]]",4800,50,0.47333333333333333,good,"[[ 77953 100681  21236]
 [ 77337 106420  21250]
 [ 77295 107823  21215]
 [ 76782  99739  21202]
 [ 77359 106373  21254]]"
124,125,0.2,0.5,0.28571428571428575,864691135920135864,2,"[[ 77575 107807  21133]
 [ 77000  99565  21215]]",4800,50,0.5277777777777778,good,"[[ 77953 100681  21236]
 [ 77337 106420  21250]
 [ 77295 107823  21215]
 [ 76782  99739  21202]
 [ 77359 106373  21254]]"
125,126,0.2,0.5,0.28571428571428575,864691135920135864,2,"[[ 77575 107807  21133]
 [ 77000  99565  21215]]",4800,50,0.5822222222222222,good,"[[ 77953 100681  21236]
 [ 77337 106420  21250]
 [ 77295 107823  21215]
 [ 76782  99739  21202]
 [ 77359 106373  21254]]"
126,127,0.2,0.5,0.28571428571428575,864691135920135864,2,"[[ 77575 107807  21133]
 [ 77000  99565  21215]]",4800,50,0.6366666666666667,good,"[[ 77953 100681  21236]
 [ 77337 106420  21250]
 [ 77295 107823  21215]
 [ 76782  99739  21202]
 [ 77359 106373  21254]]"
127,128,0.2,0.5,0.28571428571428575,864691135920135864,2,"[[ 77575 107807  21133]
 [ 77000  99565  21215]]",4800,50,0.6911111111111111,good,"[[ 77953 100681  21236]
 [ 77337 106420  21250]
 [ 77295 107823  21215]
 [ 76782  99739  21202]
 [ 77359 106373  21254]]"
128,129,0.2,0.5,0.28571428571428575,864691135920135864,2,"[[ 77575 107807  21133]
 [ 77000  99565  21215]]",4800,50,0.7455555555555555,good,"[[ 77953 100681  21236]
 [ 77337 106420  21250]
 [ 77295 107823  21215]
 [ 76782  99739  21202]
 [ 77359 106373  21254]]"
129,130,0.2,0.5,0.28571428571428575,864691135920135864,2,"[[ 77575 107807  21133]
 [ 77000  99565  21215]]",4800,50,0.8,good,"[[ 77953 100681  21236]
 [ 77337 106420  21250]
 [ 77295 107823  21215]
 [ 76782  99739  21202]
 [ 77359 106373  21254]]"
130,131,0.2,0.5,0.28571428571428575,864691135920135864,2,"[[ 77575 107807  21133]
 [ 77000  99565  21215]]",4800,75,0.31,good,"[[ 77951 100683  21237]
 [ 77338 106419  21250]
 [ 77368 106388  21248]
 [ 77295 107823  21215]
 [ 76782  99744  21203]]"
131,132,0.2,0.5,0.28571428571428575,864691135920135864,2,"[[ 77575 107807  21133]
 [ 77000  99565  21215]]",4800,75,0.36444444444444446,good,"[[ 77951 100683  21237]
 [ 77338 106419  21250]
 [ 77368 106388  21248]
 [ 77295 107823  21215]
 [ 76782  99744  21203]]"
132,133,0.2,0.5,0.28571428571428575,864691135920135864,2,"[[ 77575 107807  21133]
 [ 77000  99565  21215]]",4800,75,0.41888888888888887,good,"[[ 77951 100683  21237]
 [ 77338 106419  21250]
 [ 77368 106388  21248]
 [ 77295 107823  21215]
 [ 76782  99744  21203]]"
133,134,0.2,0.5,0.28571428571428575,864691135920135864,2,"[[ 77575 107807  21133]
 [ 77000  99565  21215]]",4800,75,0.47333333333333333,good,"[[ 77951 100683  21237]
 [ 77338 106419  21250]
 [ 77368 106388  21248]
 [ 77295 107823  21215]
 [ 76782  99744  21203]]"
134,135,0.2,0.5,0.28571428571428575,864691135920135864,2,"[[ 77575 107807  21133]
 [ 77000  99565  21215]]",4800,75,0.5277777777777778,good,"[[ 77951 100683  21237]
 [ 77338 106419  21250]
 [ 77368 106388  21248]
 [ 77295 107823  21215]
 [ 76782  99744  21203]]"
135,136,0.2,0.5,0.28571428571428575,864691135920135864,2,"[[ 77575 107807  21133]
 [ 77000  99565  21215]]",4800,75,0.5822222222222222,good,"[[ 77951 100683  21237]
 [ 77338 106419  21250]
 [ 77368 106388  21248]
 [ 77295 107823  21215]
 [ 76782  99744  21203]]"
136,137,0.2,0.5,0.28571428571428575,864691135920135864,2,"[[ 77575 107807  21133]
 [ 77000  99565  21215]]",4800,75,0.6366666666666667,good,"[[ 77951 100683  21237]
 [ 77338 106419  21250]
 [ 77368 106388  21248]
 [ 77295 107823  21215]
 [ 76782  99744  21203]]"
137,138,0.2,0.5,0.28571428571428575,864691135920135864,2,"[[ 77575 107807  21133]
 [ 77000  99565  21215]]",4800,75,0.6911111111111111,good,"[[ 77951 100683  21237]
 [ 77338 106419  21250]
 [ 77368 106388  21248]
 [ 77295 107823  21215]
 [ 76782  99744  21203]]"
138,139,0.2,0.5,0.28571428571428575,864691135920135864,2,"[[ 77575 107807  21133]
 [ 77000  99565  21215]]",4800,75,0.7455555555555555,good,"[[ 77951 100683  21237]
 [ 77338 106419  21250]
 [ 77368 106388  21248]
 [ 77295 107823  21215]
 [ 76782  99744  21203]]"
139,140,0.2,0.5,0.28571428571428575,864691135920135864,2,"[[ 77575 107807  21133]
 [ 77000  99565  21215]]",4800,75,0.8,good,"[[ 77951 100683  21237]
 [ 77338 106419  21250]
 [ 77368 106388  21248]
 [ 77295 107823  21215]
 [ 76782  99744  21203]]"
140,141,0.2,0.5,0.28571428571428575,864691135920135864,2,"[[ 77575 107807  21133]
 [ 77000  99565  21215]]",4800,100,0.31,good,"[[ 77950 100683  21237]
 [ 77340 106417  21250]
 [ 77295 107823  21215]
 [ 76781  99740  21203]
 [ 77356 106374  21254]]"
141,142,0.2,0.5,0.28571428571428575,864691135920135864,2,"[[ 77575 107807  21133]
 [ 77000  99565  21215]]",4800,100,0.36444444444444446,good,"[[ 77950 100683  21237]
 [ 77340 106417  21250]
 [ 77295 107823  21215]
 [ 76781  99740  21203]
 [ 77356 106374  21254]]"
142,143,0.2,0.5,0.28571428571428575,864691135920135864,2,"[[ 77575 107807  21133]
 [ 77000  99565  21215]]",4800,100,0.41888888888888887,good,"[[ 77950 100683  21237]
 [ 77340 106417  21250]
 [ 77295 107823  21215]
 [ 76781  99740  21203]
 [ 77356 106374  21254]]"
143,144,0.2,0.5,0.28571428571428575,864691135920135864,2,"[[ 77575 107807  21133]
 [ 77000  99565  21215]]",4800,100,0.47333333333333333,good,"[[ 77950 100683  21237]
 [ 77340 106417  21250]
 [ 77295 107823  21215]
 [ 76781  99740  21203]
 [ 77356 106374  21254]]"
144,145,0.2,0.5,0.28571428571428575,864691135920135864,2,"[[ 77575 107807  21133]
 [ 77000  99565  21215]]",4800,100,0.5277777777777778,good,"[[ 77950 100683  21237]
 [ 77340 106417  21250]
 [ 77295 107823  21215]
 [ 76781  99740  21203]
 [ 77356 106374  21254]]"
145,146,0.2,0.5,0.28571428571428575,864691135920135864,2,"[[ 77575 107807  21133]
 [ 77000  99565  21215]]",4800,100,0.5822222222222222,good,"[[ 77950 100683  21237]
 [ 77340 106417  21250]
 [ 77295 107823  21215]
 [ 76781  99740  21203]
 [ 77356 106374  21254]]"
146,147,0.2,0.5,0.28571428571428575,864691135920135864,2,"[[ 77575 107807  21133]
 [ 77000  99565  21215]]",4800,100,0.6366666666666667,good,"[[ 77950 100683  21237]
 [ 77340 106417  21250]
 [ 77295 107823  21215]
 [ 76781  99740  21203]
 [ 77356 106374  21254]]"
147,148,0.2,0.5,0.28571428571428575,864691135920135864,2,"[[ 77575 107807  21133]
 [ 77000  99565  21215]]",4800,100,0.6911111111111111,good,"[[ 77950 100683  21237]
 [ 77340 106417  21250]
 [ 77295 107823  21215]
 [ 76781  99740  21203]
 [ 77356 106374  21254]]"
148,149,0.2,0.5,0.28571428571428575,864691135920135864,2,"[[ 77575 107807  21133]
 [ 77000  99565  21215]]",4800,100,0.7455555555555555,good,"[[ 77950 100683  21237]
 [ 77340 106417  21250]
 [ 77295 107823  21215]
 [ 76781  99740  21203]
 [ 77356 106374  21254]]"
149,150,0.2,0.5,0.28571428571428575,864691135920135864,2,"[[ 77575 107807  21133]
 [ 77000  99565  21215]]",4800,100,0.8,good,"[[ 77950 100683  21237]
 [ 77340 106417  21250]
 [ 77295 107823  21215]
 [ 76781  99740  21203]
 [ 77356 106374  21254]]"
150,151,0.2,0.5,0.28571428571428575,864691135920135864,2,"[[ 77575 107807  21133]
 [ 77000  99565  21215]]",4800,125,0.31,good,"[[ 77948 100684  21237]
 [ 77340 106416  21250]
 [ 77295 107822  21215]
 [ 76779  99736  21203]
 [ 77355 106375  21253]]"
151,152,0.2,0.5,0.28571428571428575,864691135920135864,2,"[[ 77575 107807  21133]
 [ 77000  99565  21215]]",4800,125,0.36444444444444446,good,"[[ 77948 100684  21237]
 [ 77340 106416  21250]
 [ 77295 107822  21215]
 [ 76779  99736  21203]
 [ 77355 106375  21253]]"
152,153,0.2,0.5,0.28571428571428575,864691135920135864,2,"[[ 77575 107807  21133]
 [ 77000  99565  21215]]",4800,125,0.41888888888888887,good,"[[ 77948 100684  21237]
 [ 77340 106416  21250]
 [ 77295 107822  21215]
 [ 76779  99736  21203]
 [ 77355 106375  21253]]"
153,154,0.2,0.5,0.28571428571428575,864691135920135864,2,"[[ 77575 107807  21133]
 [ 77000  99565  21215]]",4800,125,0.47333333333333333,good,"[[ 77948 100684  21237]
 [ 77340 106416  21250]
 [ 77295 107822  21215]
 [ 76779  99736  21203]
 [ 77355 106375  21253]]"
154,155,0.2,0.5,0.28571428571428575,864691135920135864,2,"[[ 77575 107807  21133]
 [ 77000  99565  21215]]",4800,125,0.5277777777777778,good,"[[ 77948 100684  21237]
 [ 77340 106416  21250]
 [ 77295 107822  21215]
 [ 76779  99736  21203]
 [ 77355 106375  21253]]"
155,156,0.2,0.5,0.28571428571428575,864691135920135864,2,"[[ 77575 107807  21133]
 [ 77000  99565  21215]]",4800,125,0.5822222222222222,good,"[[ 77948 100684  21237]
 [ 77340 106416  21250]
 [ 77295 107822  21215]
 [ 76779  99736  21203]
 [ 77355 106375  21253]]"
156,157,0.2,0.5,0.28571428571428575,864691135920135864,2,"[[ 77575 107807  21133]
 [ 77000  99565  21215]]",4800,125,0.6366666666666667,good,"[[ 77948 100684  21237]
 [ 77340 106416  21250]
 [ 77295 107822  21215]
 [ 76779  99736  21203]
 [ 77355 106375  21253]]"
157,158,0.2,0.5,0.28571428571428575,864691135920135864,2,"[[ 77575 107807  21133]
 [ 77000  99565  21215]]",4800,125,0.6911111111111111,good,"[[ 77948 100684  21237]
 [ 77340 106416  21250]
 [ 77295 107822  21215]
 [ 76779  99736  21203]
 [ 77355 106375  21253]]"
158,159,0.2,0.5,0.28571428571428575,864691135920135864,2,"[[ 77575 107807  21133]
 [ 77000  99565  21215]]",4800,125,0.7455555555555555,good,"[[ 77948 100684  21237]
 [ 77340 106416  21250]
 [ 77295 107822  21215]
 [ 76779  99736  21203]
 [ 77355 106375  21253]]"
159,160,0.2,0.5,0.28571428571428575,864691135920135864,2,"[[ 77575 107807  21133]
 [ 77000  99565  21215]]",4800,125,0.8,good,"[[ 77948 100684  21237]
 [ 77340 106416  21250]
 [ 77295 107822  21215]
 [ 76779  99736  21203]
 [ 77355 106375  21253]]"
160,161,0.2,0.5,0.28571428571428575,864691135920135864,2,"[[ 77575 107807  21133]
 [ 77000  99565  21215]]",4800,150,0.31,good,"[[ 77947 100684  21237]
 [ 77341 106415  21250]
 [ 77307 107821  21216]
 [ 76780  99733  21203]
 [ 77354 106375  21253]]"
161,162,0.2,0.5,0.28571428571428575,864691135920135864,2,"[[ 77575 107807  21133]
 [ 77000  99565  21215]]",4800,150,0.36444444444444446,good,"[[ 77947 100684  21237]
 [ 77341 106415  21250]
 [ 77307 107821  21216]
 [ 76780  99733  21203]
 [ 77354 106375  21253]]"
162,163,0.2,0.5,0.28571428571428575,864691135920135864,2,"[[ 77575 107807  21133]
 [ 77000  99565  21215]]",4800,150,0.41888888888888887,good,"[[ 77947 100684  21237]
 [ 77341 106415  21250]
 [ 77307 107821  21216]
 [ 76780  99733  21203]
 [ 77354 106375  21253]]"
163,164,0.2,0.5,0.28571428571428575,864691135920135864,2,"[[ 77575 107807  21133]
 [ 77000  99565  21215]]",4800,150,0.47333333333333333,good,"[[ 77947 100684  21237]
 [ 77341 106415  21250]
 [ 77307 107821  21216]
 [ 76780  99733  21203]
 [ 77354 106375  21253]]"
164,165,0.2,0.5,0.28571428571428575,864691135920135864,2,"[[ 77575 107807  21133]
 [ 77000  99565  21215]]",4800,150,0.5277777777777778,good,"[[ 77947 100684  21237]
 [ 77341 106415  21250]
 [ 77307 107821  21216]
 [ 76780  99733  21203]
 [ 77354 106375  21253]]"
165,166,0.2,0.5,0.28571428571428575,864691135920135864,2,"[[ 77575 107807  21133]
 [ 77000  99565  21215]]",4800,150,0.5822222222222222,good,"[[ 77947 100684  21237]
 [ 77341 106415  21250]
 [ 77307 107821  21216]
 [ 76780  99733  21203]
 [ 77354 106375  21253]]"
166,167,0.2,0.5,0.28571428571428575,864691135920135864,2,"[[ 77575 107807  21133]
 [ 77000  99565  21215]]",4800,150,0.6366666666666667,good,"[[ 77947 100684  21237]
 [ 77341 106415  21250]
 [ 77307 107821  21216]
 [ 76780  99733  21203]
 [ 77354 106375  21253]]"
167,168,0.2,0.5,0.28571428571428575,864691135920135864,2,"[[ 77575 107807  21133]
 [ 77000  99565  21215]]",4800,150,0.6911111111111111,good,"[[ 77947 100684  21237]
 [ 77341 106415  21250]
 [ 77307 107821  21216]
 [ 76780  99733  21203]
 [ 77354 106375  21253]]"
168,169,0.2,0.5,0.28571428571428575,864691135920135864,2,"[[ 77575 107807  21133]
 [ 77000  99565  21215]]",4800,150,0.7455555555555555,good,"[[ 77947 100684  21237]
 [ 77341 106415  21250]
 [ 77307 107821  21216]
 [ 76780  99733  21203]
 [ 77354 106375  21253]]"
169,170,0.2,0.5,0.28571428571428575,864691135920135864,2,"[[ 77575 107807  21133]
 [ 77000  99565  21215]]",4800,150,0.8,good,"[[ 77947 100684  21237]
 [ 77341 106415  21250]
 [ 77307 107821  21216]
 [ 76780  99733  21203]
 [ 77354 106375  21253]]"
170,171,0.2,0.5,0.28571428571428575,864691135920135864,2,"[[ 77575 107807  21133]
 [ 77000  99565  21215]]",4800,175,0.31,good,"[[ 77946 100684  21237]
 [ 77342 106414  21250]
 [ 77307 107820  21216]
 [ 76780  99731  21203]
 [ 77353 106376  21253]]"
171,172,0.2,0.5,0.28571428571428575,864691135920135864,2,"[[ 77575 107807  21133]
 [ 77000  99565  21215]]",4800,175,0.36444444444444446,good,"[[ 77946 100684  21237]
 [ 77342 106414  21250]
 [ 77307 107820  21216]
 [ 76780  99731  21203]
 [ 77353 106376  21253]]"
172,173,0.2,0.5,0.28571428571428575,864691135920135864,2,"[[ 77575 107807  21133]
 [ 77000  99565  21215]]",4800,175,0.41888888888888887,good,"[[ 77946 100684  21237]
 [ 77342 106414  21250]
 [ 77307 107820  21216]
 [ 76780  99731  21203]
 [ 77353 106376  21253]]"
173,174,0.2,0.5,0.28571428571428575,864691135920135864,2,"[[ 77575 107807  21133]
 [ 77000  99565  21215]]",4800,175,0.47333333333333333,good,"[[ 77946 100684  21237]
 [ 77342 106414  21250]
 [ 77307 107820  21216]
 [ 76780  99731  21203]
 [ 77353 106376  21253]]"
174,175,0.2,0.5,0.28571428571428575,864691135920135864,2,"[[ 77575 107807  21133]
 [ 77000  99565  21215]]",4800,175,0.5277777777777778,good,"[[ 77946 100684  21237]
 [ 77342 106414  21250]
 [ 77307 107820  21216]
 [ 76780  99731  21203]
 [ 77353 106376  21253]]"
175,176,0.2,0.5,0.28571428571428575,864691135920135864,2,"[[ 77575 107807  21133]
 [ 77000  99565  21215]]",4800,175,0.5822222222222222,good,"[[ 77946 100684  21237]
 [ 77342 106414  21250]
 [ 77307 107820  21216]
 [ 76780  99731  21203]
 [ 77353 106376  21253]]"
176,177,0.2,0.5,0.28571428571428575,864691135920135864,2,"[[ 77575 107807  21133]
 [ 77000  99565  21215]]",4800,175,0.6366666666666667,good,"[[ 77946 100684  21237]
 [ 77342 106414  21250]
 [ 77307 107820  21216]
 [ 76780  99731  21203]
 [ 77353 106376  21253]]"
177,178,0.2,0.5,0.28571428571428575,864691135920135864,2,"[[ 77575 107807  21133]
 [ 77000  99565  21215]]",4800,175,0.6911111111111111,good,"[[ 77946 100684  21237]
 [ 77342 106414  21250]
 [ 77307 107820  21216]
 [ 76780  99731  21203]
 [ 77353 106376  21253]]"
178,179,0.2,0.5,0.28571428571428575,864691135920135864,2,"[[ 77575 107807  21133]
 [ 77000  99565  21215]]",4800,175,0.7455555555555555,good,"[[ 77946 100684  21237]
 [ 77342 106414  21250]
 [ 77307 107820  21216]
 [ 76780  99731  21203]
 [ 77353 106376  21253]]"
179,180,0.2,0.5,0.28571428571428575,864691135920135864,2,"[[ 77575 107807  21133]
 [ 77000  99565  21215]]",4800,175,0.8,good,"[[ 77946 100684  21237]
 [ 77342 106414  21250]
 [ 77307 107820  21216]
 [ 76780  99731  21203]
 [ 77353 106376  21253]]"
180,181,0.2,0.5,0.28571428571428575,864691135920135864,2,"[[ 77575 107807  21133]
 [ 77000  99565  21215]]",4800,200,0.31,good,"[[ 77945 100685  21237]
 [ 77343 106414  21250]
 [ 77307 107820  21216]
 [ 76781  99729  21203]
 [ 77353 106376  21253]]"
181,182,0.2,0.5,0.28571428571428575,864691135920135864,2,"[[ 77575 107807  21133]
 [ 77000  99565  21215]]",4800,200,0.36444444444444446,good,"[[ 77945 100685  21237]
 [ 77343 106414  21250]
 [ 77307 107820  21216]
 [ 76781  99729  21203]
 [ 77353 106376  21253]]"
182,183,0.2,0.5,0.28571428571428575,864691135920135864,2,"[[ 77575 107807  21133]
 [ 77000  99565  21215]]",4800,200,0.41888888888888887,good,"[[ 77945 100685  21237]
 [ 77343 106414  21250]
 [ 77307 107820  21216]
 [ 76781  99729  21203]
 [ 77353 106376  21253]]"
183,184,0.2,0.5,0.28571428571428575,864691135920135864,2,"[[ 77575 107807  21133]
 [ 77000  99565  21215]]",4800,200,0.47333333333333333,good,"[[ 77945 100685  21237]
 [ 77343 106414  21250]
 [ 77307 107820  21216]
 [ 76781  99729  21203]
 [ 77353 106376  21253]]"
184,185,0.2,0.5,0.28571428571428575,864691135920135864,2,"[[ 77575 107807  21133]
 [ 77000  99565  21215]]",4800,200,0.5277777777777778,good,"[[ 77945 100685  21237]
 [ 77343 106414  21250]
 [ 77307 107820  21216]
 [ 76781  99729  21203]
 [ 77353 106376  21253]]"
185,186,0.2,0.5,0.28571428571428575,864691135920135864,2,"[[ 77575 107807  21133]
 [ 77000  99565  21215]]",4800,200,0.5822222222222222,good,"[[ 77945 100685  21237]
 [ 77343 106414  21250]
 [ 77307 107820  21216]
 [ 76781  99729  21203]
 [ 77353 106376  21253]]"
186,187,0.2,0.5,0.28571428571428575,864691135920135864,2,"[[ 77575 107807  21133]
 [ 77000  99565  21215]]",4800,200,0.6366666666666667,good,"[[ 77945 100685  21237]
 [ 77343 106414  21250]
 [ 77307 107820  21216]
 [ 76781  99729  21203]
 [ 77353 106376  21253]]"
187,188,0.2,0.5,0.28571428571428575,864691135920135864,2,"[[ 77575 107807  21133]
 [ 77000  99565  21215]]",4800,200,0.6911111111111111,good,"[[ 77945 100685  21237]
 [ 77343 106414  21250]
 [ 77307 107820  21216]
 [ 76781  99729  21203]
 [ 77353 106376  21253]]"
188,189,0.2,0.5,0.28571428571428575,864691135920135864,2,"[[ 77575 107807  21133]
 [ 77000  99565  21215]]",4800,200,0.7455555555555555,good,"[[ 77945 100685  21237]
 [ 77343 106414  21250]
 [ 77307 107820  21216]
 [ 76781  99729  21203]
 [ 77353 106376  21253]]"
189,190,0.2,0.5,0.28571428571428575,864691135920135864,2,"[[ 77575 107807  21133]
 [ 77000  99565  21215]]",4800,200,0.8,good,"[[ 77945 100685  21237]
 [ 77343 106414  21250]
 [ 77307 107820  21216]
 [ 76781  99729  21203]
 [ 77353 106376  21253]]"
190,191,0.2,0.5,0.28571428571428575,864691135920135864,2,"[[ 77575 107807  21133]
 [ 77000  99565  21215]]",4800,225,0.31,good,"[[ 77944 100685  21237]
 [ 77343 106413  21250]
 [ 77307 107819  21216]
 [ 76781  99728  21203]
 [ 77352 106377  21253]]"
191,192,0.2,0.5,0.28571428571428575,864691135920135864,2,"[[ 77575 107807  21133]
 [ 77000  99565  21215]]",4800,225,0.36444444444444446,good,"[[ 77944 100685  21237]
 [ 77343 106413  21250]
 [ 77307 107819  21216]
 [ 76781  99728  21203]
 [ 77352 106377  21253]]"
192,193,0.2,0.5,0.28571428571428575,864691135920135864,2,"[[ 77575 107807  21133]
 [ 77000  99565  21215]]",4800,225,0.41888888888888887,good,"[[ 77944 100685  21237]
 [ 77343 106413  21250]
 [ 77307 107819  21216]
 [ 76781  99728  21203]
 [ 77352 106377  21253]]"
193,194,0.2,0.5,0.28571428571428575,864691135920135864,2,"[[ 77575 107807  21133]
 [ 77000  99565  21215]]",4800,225,0.47333333333333333,good,"[[ 77944 100685  21237]
 [ 77343 106413  21250]
 [ 77307 107819  21216]
 [ 76781  99728  21203]
 [ 77352 106377  21253]]"
194,195,0.2,0.5,0.28571428571428575,864691135920135864,2,"[[ 77575 107807  21133]
 [ 77000  99565  21215]]",4800,225,0.5277777777777778,good,"[[ 77944 100685  21237]
 [ 77343 106413  21250]
 [ 77307 107819  21216]
 [ 76781  99728  21203]
 [ 77352 106377  21253]]"
195,196,0.2,0.5,0.28571428571428575,864691135920135864,2,"[[ 77575 107807  21133]
 [ 77000  99565  21215]]",4800,225,0.5822222222222222,good,"[[ 77944 100685  21237]
 [ 77343 106413  21250]
 [ 77307 107819  21216]
 [ 76781  99728  21203]
 [ 77352 106377  21253]]"
196,197,0.2,0.5,0.28571428571428575,864691135920135864,2,"[[ 77575 107807  21133]
 [ 77000  99565  21215]]",4800,225,0.6366666666666667,good,"[[ 77944 100685  21237]
 [ 77343 106413  21250]
 [ 77307 107819  21216]
 [ 76781  99728  21203]
 [ 77352 106377  21253]]"
197,198,0.2,0.5,0.28571428571428575,864691135920135864,2,"[[ 77575 107807  21133]
 [ 77000  99565  21215]]",4800,225,0.6911111111111111,good,"[[ 77944 100685  21237]
 [ 77343 106413  21250]
 [ 77307 107819  21216]
 [ 76781  99728  21203]
 [ 77352 106377  21253]]"
198,199,0.2,0.5,0.28571428571428575,864691135920135864,2,"[[ 77575 107807  21133]
 [ 77000  99565  21215]]",4800,225,0.7455555555555555,good,"[[ 77944 100685  21237]
 [ 77343 106413  21250]
 [ 77307 107819  21216]
 [ 76781  99728  21203]
 [ 77352 106377  21253]]"
199,200,0.2,0.5,0.28571428571428575,864691135920135864,2,"[[ 77575 107807  21133]
 [ 77000  99565  21215]]",4800,225,0.8,good,"[[ 77944 100685  21237]
 [ 77343 106413  21250]
 [ 77307 107819  21216]
 [ 76781  99728  21203]
 [ 77352 106377  21253]]"
200,201,0.2,0.5,0.28571428571428575,864691135920135864,2,"[[ 77575 107807  21133]
 [ 77000  99565  21215]]",5000,0,0.31,good,"[[ 77952 100674  21237]
 [ 77332 106417  21250]
 [ 76765  99760  21201]
 [ 77374 106375  21249]
 [ 77285 107835  21214]]"
201,202,0.2,0.5,0.28571428571428575,864691135920135864,2,"[[ 77575 107807  21133]
 [ 77000  99565  21215]]",5000,0,0.36444444444444446,good,"[[ 77952 100674  21237]
 [ 77332 106417  21250]
 [ 76765  99760  21201]
 [ 77374 106375  21249]
 [ 77285 107835  21214]]"
202,203,0.2,0.5,0.28571428571428575,864691135920135864,2,"[[ 77575 107807  21133]
 [ 77000  99565  21215]]",5000,0,0.41888888888888887,good,"[[ 77952 100674  21237]
 [ 77332 106417  21250]
 [ 76765  99760  21201]
 [ 77374 106375  21249]
 [ 77285 107835  21214]]"
203,204,0.2,0.5,0.28571428571428575,864691135920135864,2,"[[ 77575 107807  21133]
 [ 77000  99565  21215]]",5000,0,0.47333333333333333,good,"[[ 77952 100674  21237]
 [ 77332 106417  21250]
 [ 76765  99760  21201]
 [ 77374 106375  21249]
 [ 77285 107835  21214]]"
204,205,0.2,0.5,0.28571428571428575,864691135920135864,2,"[[ 77575 107807  21133]
 [ 77000  99565  21215]]",5000,0,0.5277777777777778,good,"[[ 77952 100674  21237]
 [ 77332 106417  21250]
 [ 76765  99760  21201]
 [ 77374 106375  21249]
 [ 77285 107835  21214]]"
205,206,0.2,0.5,0.28571428571428575,864691135920135864,2,"[[ 77575 107807  21133]
 [ 77000  99565  21215]]",5000,0,0.5822222222222222,good,"[[ 77952 100674  21237]
 [ 77332 106417  21250]
 [ 76765  99760  21201]
 [ 77374 106375  21249]
 [ 77285 107835  21214]]"
206,207,0.2,0.5,0.28571428571428575,864691135920135864,2,"[[ 77575 107807  21133]
 [ 77000  99565  21215]]",5000,0,0.6366666666666667,good,"[[ 77952 100674  21237]
 [ 77332 106417  21250]
 [ 76765  99760  21201]
 [ 77374 106375  21249]
 [ 77285 107835  21214]]"
207,208,0.2,0.5,0.28571428571428575,864691135920135864,2,"[[ 77575 107807  21133]
 [ 77000  99565  21215]]",5000,0,0.6911111111111111,good,"[[ 77952 100674  21237]
 [ 77332 106417  21250]
 [ 76765  99760  21201]
 [ 77374 106375  21249]
 [ 77285 107835  21214]]"
208,209,0.2,0.5,0.28571428571428575,864691135920135864,2,"[[ 77575 107807  21133]
 [ 77000  99565  21215]]",5000,0,0.7455555555555555,good,"[[ 77952 100674  21237]
 [ 77332 106417  21250]
 [ 76765  99760  21201]
 [ 77374 106375  21249]
 [ 77285 107835  21214]]"
209,210,0.2,0.5,0.28571428571428575,864691135920135864,2,"[[ 77575 107807  21133]
 [ 77000  99565  21215]]",5000,0,0.8,good,"[[ 77952 100674  21237]
 [ 77332 106417  21250]
 [ 76765  99760  21201]
 [ 77374 106375  21249]
 [ 77285 107835  21214]]"
210,211,0.2,0.5,0.28571428571428575,864691135920135864,2,"[[ 77575 107807  21133]
 [ 77000  99565  21215]]",5000,25,0.31,good,"[[ 77955 100680  21236]
 [ 77336 106420  21250]
 [ 77295 107822  21215]
 [ 76781  99744  21202]
 [ 77362 106372  21254]]"
211,212,0.2,0.5,0.28571428571428575,864691135920135864,2,"[[ 77575 107807  21133]
 [ 77000  99565  21215]]",5000,25,0.36444444444444446,good,"[[ 77955 100680  21236]
 [ 77336 106420  21250]
 [ 77295 107822  21215]
 [ 76781  99744  21202]
 [ 77362 106372  21254]]"
212,213,0.2,0.5,0.28571428571428575,864691135920135864,2,"[[ 77575 107807  21133]
 [ 77000  99565  21215]]",5000,25,0.41888888888888887,good,"[[ 77955 100680  21236]
 [ 77336 106420  21250]
 [ 77295 107822  21215]
 [ 76781  99744  21202]
 [ 77362 106372  21254]]"
213,214,0.2,0.5,0.28571428571428575,864691135920135864,2,"[[ 77575 107807  21133]
 [ 77000  99565  21215]]",5000,25,0.47333333333333333,good,"[[ 77955 100680  21236]
 [ 77336 106420  21250]
 [ 77295 107822  21215]
 [ 76781  99744  21202]
 [ 77362 106372  21254]]"
214,215,0.2,0.5,0.28571428571428575,864691135920135864,2,"[[ 77575 107807  21133]
 [ 77000  99565  21215]]",5000,25,0.5277777777777778,good,"[[ 77955 100680  21236]
 [ 77336 106420  21250]
 [ 77295 107822  21215]
 [ 76781  99744  21202]
 [ 77362 106372  21254]]"
215,216,0.2,0.5,0.28571428571428575,864691135920135864,2,"[[ 77575 107807  21133]
 [ 77000  99565  21215]]",5000,25,0.5822222222222222,good,"[[ 77955 100680  21236]
 [ 77336 106420  21250]
 [ 77295 107822  21215]
 [ 76781  99744  21202]
 [ 77362 106372  21254]]"
216,217,0.2,0.5,0.28571428571428575,864691135920135864,2,"[[ 77575 107807  21133]
 [ 77000  99565  21215]]",5000,25,0.6366666666666667,good,"[[ 77955 100680  21236]
 [ 77336 106420  21250]
 [ 77295 107822  21215]
 [ 76781  99744  21202]
 [ 77362 106372  21254]]"
217,218,0.2,0.5,0.28571428571428575,864691135920135864,2,"[[ 77575 107807  21133]
 [ 77000  99565  21215]]",5000,25,0.6911111111111111,good,"[[ 77955 100680  21236]
 [ 77336 106420  21250]
 [ 77295 107822  21215]
 [ 76781  99744  21202]
 [ 77362 106372  21254]]"
218,219,0.2,0.5,0.28571428571428575,864691135920135864,2,"[[ 77575 107807  21133]
 [ 77000  99565  21215]]",5000,25,0.7455555555555555,good,"[[ 77955 100680  21236]
 [ 77336 106420  21250]
 [ 77295 107822  21215]
 [ 76781  99744  21202]
 [ 77362 106372  21254]]"
219,220,0.2,0.5,0.28571428571428575,864691135920135864,2,"[[ 77575 107807  21133]
 [ 77000  99565  21215]]",5000,25,0.8,good,"[[ 77955 100680  21236]
 [ 77336 106420  21250]
 [ 77295 107822  21215]
 [ 76781  99744  21202]
 [ 77362 106372  21254]]"
220,221,0.2,0.5,0.28571428571428575,864691135920135864,2,"[[ 77575 107807  21133]
 [ 77000  99565  21215]]",5000,50,0.31,good,"[[ 77953 100681  21236]
 [ 77337 106420  21250]
 [ 77295 107823  21215]
 [ 76782  99739  21202]
 [ 77359 106373  21254]]"
221,222,0.2,0.5,0.28571428571428575,864691135920135864,2,"[[ 77575 107807  21133]
 [ 77000  99565  21215]]",5000,50,0.36444444444444446,good,"[[ 77953 100681  21236]
 [ 77337 106420  21250]
 [ 77295 107823  21215]
 [ 76782  99739  21202]
 [ 77359 106373  21254]]"
222,223,0.2,0.5,0.28571428571428575,864691135920135864,2,"[[ 77575 107807  21133]
 [ 77000  99565  21215]]",5000,50,0.41888888888888887,good,"[[ 77953 100681  21236]
 [ 77337 106420  21250]
 [ 77295 107823  21215]
 [ 76782  99739  21202]
 [ 77359 106373  21254]]"
223,224,0.2,0.5,0.28571428571428575,864691135920135864,2,"[[ 77575 107807  21133]
 [ 77000  99565  21215]]",5000,50,0.47333333333333333,good,"[[ 77953 100681  21236]
 [ 77337 106420  21250]
 [ 77295 107823  21215]
 [ 76782  99739  21202]
 [ 77359 106373  21254]]"
224,225,0.2,0.5,0.28571428571428575,864691135920135864,2,"[[ 77575 107807  21133]
 [ 77000  99565  21215]]",5000,50,0.5277777777777778,good,"[[ 77953 100681  21236]
 [ 77337 106420  21250]
 [ 77295 107823  21215]
 [ 76782  99739  21202]
 [ 77359 106373  21254]]"
225,226,0.2,0.5,0.28571428571428575,864691135920135864,2,"[[ 77575 107807  21133]
 [ 77000  99565  21215]]",5000,50,0.5822222222222222,good,"[[ 77953 100681  21236]
 [ 77337 106420  21250]
 [ 77295 107823  21215]
 [ 76782  99739  21202]
 [ 77359 106373  21254]]"
226,227,0.2,0.5,0.28571428571428575,864691135920135864,2,"[[ 77575 107807  21133]
 [ 77000  99565  21215]]",5000,50,0.6366666666666667,good,"[[ 77953 100681  21236]
 [ 77337 106420  21250]
 [ 77295 107823  21215]
 [ 76782  99739  21202]
 [ 77359 106373  21254]]"
227,228,0.2,0.5,0.28571428571428575,864691135920135864,2,"[[ 77575 107807  21133]
 [ 77000  99565  21215]]",5000,50,0.6911111111111111,good,"[[ 77953 100681  21236]
 [ 77337 106420  21250]
 [ 77295 107823  21215]
 [ 76782  99739  21202]
 [ 77359 106373  21254]]"
228,229,0.2,0.5,0.28571428571428575,864691135920135864,2,"[[ 77575 107807  21133]
 [ 77000  99565  21215]]",5000,50,0.7455555555555555,good,"[[ 77953 100681  21236]
 [ 77337 106420  21250]
 [ 77295 107823  21215]
 [ 76782  99739  21202]
 [ 77359 106373  21254]]"
229,230,0.2,0.5,0.28571428571428575,864691135920135864,2,"[[ 77575 107807  21133]
 [ 77000  99565  21215]]",5000,50,0.8,good,"[[ 77953 100681  21236]
 [ 77337 106420  21250]
 [ 77295 107823  21215]
 [ 76782  99739  21202]
 [ 77359 106373  21254]]"
230,231,0.2,0.5,0.28571428571428575,864691135920135864,2,"[[ 77575 107807  21133]
 [ 77000  99565  21215]]",5000,75,0.31,good,"[[ 77951 100683  21237]
 [ 77338 106419  21250]
 [ 77368 106388  21248]
 [ 77295 107823  21215]
 [ 76782  99744  21203]]"
231,232,0.2,0.5,0.28571428571428575,864691135920135864,2,"[[ 77575 107807  21133]
 [ 77000  99565  21215]]",5000,75,0.36444444444444446,good,"[[ 77951 100683  21237]
 [ 77338 106419  21250]
 [ 77368 106388  21248]
 [ 77295 107823  21215]
 [ 76782  99744  21203]]"
232,233,0.2,0.5,0.28571428571428575,864691135920135864,2,"[[ 77575 107807  21133]
 [ 77000  99565  21215]]",5000,75,0.41888888888888887,good,"[[ 77951 100683  21237]
 [ 77338 106419  21250]
 [ 77368 106388  21248]
 [ 77295 107823  21215]
 [ 76782  99744  21203]]"
233,234,0.2,0.5,0.28571428571428575,864691135920135864,2,"[[ 77575 107807  21133]
 [ 77000  99565  21215]]",5000,75,0.47333333333333333,good,"[[ 77951 100683  21237]
 [ 77338 106419  21250]
 [ 77368 106388  21248]
 [ 77295 107823  21215]
 [ 76782  99744  21203]]"
234,235,0.2,0.5,0.28571428571428575,864691135920135864,2,"[[ 77575 107807  21133]
 [ 77000  99565  21215]]",5000,75,0.5277777777777778,good,"[[ 77951 100683  21237]
 [ 77338 106419  21250]
 [ 77368 106388  21248]
 [ 77295 107823  21215]
 [ 76782  99744  21203]]"
235,236,0.2,0.5,0.28571428571428575,864691135920135864,2,"[[ 77575 107807  21133]
 [ 77000  99565  21215]]",5000,75,0.5822222222222222,good,"[[ 77951 100683  21237]
 [ 77338 106419  21250]
 [ 77368 106388  21248]
 [ 77295 107823  21215]
 [ 76782  99744  21203]]"
236,237,0.2,0.5,0.28571428571428575,864691135920135864,2,"[[ 77575 107807  21133]
 [ 77000  99565  21215]]",5000,75,0.6366666666666667,good,"[[ 77951 100683  21237]
 [ 77338 106419  21250]
 [ 77368 106388  21248]
 [ 77295 107823  21215]
 [ 76782  99744  21203]]"
237,238,0.2,0.5,0.28571428571428575,864691135920135864,2,"[[ 77575 107807  21133]
 [ 77000  99565  21215]]",5000,75,0.6911111111111111,good,"[[ 77951 100683  21237]
 [ 77338 106419  21250]
 [ 77368 106388  21248]
 [ 77295 107823  21215]
 [ 76782  99744  21203]]"
238,239,0.2,0.5,0.28571428571428575,864691135920135864,2,"[[ 77575 107807  21133]
 [ 77000  99565  21215]]",5000,75,0.7455555555555555,good,"[[ 77951 100683  21237]
 [ 77338 106419  21250]
 [ 77368 106388  21248]
 [ 77295 107823  21215]
 [ 76782  99744  21203]]"
239,240,0.2,0.5,0.28571428571428575,864691135920135864,2,"[[ 77575 107807  21133]
 [ 77000  99565  21215]]",5000,75,0.8,good,"[[ 77951 100683  21237]
 [ 77338 106419  21250]
 [ 77368 106388  21248]
 [ 77295 107823  21215]
 [ 76782  99744  21203]]"
240,241,0.2,0.5,0.28571428571428575,864691135920135864,2,"[[ 77575 107807  21133]
 [ 77000  99565  21215]]",5000,100,0.31,good,"[[ 77950 100683  21237]
 [ 77340 106417  21250]
 [ 77295 107823  21215]
 [ 76781  99740  21203]
 [ 77356 106374  21254]]"
241,242,0.2,0.5,0.28571428571428575,864691135920135864,2,"[[ 77575 107807  21133]
 [ 77000  99565  21215]]",5000,100,0.36444444444444446,good,"[[ 77950 100683  21237]
 [ 77340 106417  21250]
 [ 77295 107823  21215]
 [ 76781  99740  21203]
 [ 77356 106374  21254]]"
242,243,0.2,0.5,0.28571428571428575,864691135920135864,2,"[[ 77575 107807  21133]
 [ 77000  99565  21215]]",5000,100,0.41888888888888887,good,"[[ 77950 100683  21237]
 [ 77340 106417  21250]
 [ 77295 107823  21215]
 [ 76781  99740  21203]
 [ 77356 106374  21254]]"
243,244,0.2,0.5,0.28571428571428575,864691135920135864,2,"[[ 77575 107807  21133]
 [ 77000  99565  21215]]",5000,100,0.47333333333333333,good,"[[ 77950 100683  21237]
 [ 77340 106417  21250]
 [ 77295 107823  21215]
 [ 76781  99740  21203]
 [ 77356 106374  21254]]"
244,245,0.2,0.5,0.28571428571428575,864691135920135864,2,"[[ 77575 107807  21133]
 [ 77000  99565  21215]]",5000,100,0.5277777777777778,good,"[[ 77950 100683  21237]
 [ 77340 106417  21250]
 [ 77295 107823  21215]
 [ 76781  99740  21203]
 [ 77356 106374  21254]]"
245,246,0.2,0.5,0.28571428571428575,864691135920135864,2,"[[ 77575 107807  21133]
 [ 77000  99565  21215]]",5000,100,0.5822222222222222,good,"[[ 77950 100683  21237]
 [ 77340 106417  21250]
 [ 77295 107823  21215]
 [ 76781  99740  21203]
 [ 77356 106374  21254]]"
246,247,0.2,0.5,0.28571428571428575,864691135920135864,2,"[[ 77575 107807  21133]
 [ 77000  99565  21215]]",5000,100,0.6366666666666667,good,"[[ 77950 100683  21237]
 [ 77340 106417  21250]
 [ 77295 107823  21215]
 [ 76781  99740  21203]
 [ 77356 106374  21254]]"
247,248,0.2,0.5,0.28571428571428575,864691135920135864,2,"[[ 77575 107807  21133]
 [ 77000  99565  21215]]",5000,100,0.6911111111111111,good,"[[ 77950 100683  21237]
 [ 77340 106417  21250]
 [ 77295 107823  21215]
 [ 76781  99740  21203]
 [ 77356 106374  21254]]"
248,249,0.2,0.5,0.28571428571428575,864691135920135864,2,"[[ 77575 107807  21133]
 [ 77000  99565  21215]]",5000,100,0.7455555555555555,good,"[[ 77950 100683  21237]
 [ 77340 106417  21250]
 [ 77295 107823  21215]
 [ 76781  99740  21203]
 [ 77356 106374  21254]]"
249,250,0.2,0.5,0.28571428571428575,864691135920135864,2,"[[ 77575 107807  21133]
 [ 77000  99565  21215]]",5000,100,0.8,good,"[[ 77950 100683  21237]
 [ 77340 106417  21250]
 [ 77295 107823  21215]
 [ 76781  99740  21203]
 [ 77356 106374  21254]]"
250,251,0.2,0.5,0.28571428571428575,864691135920135864,2,"[[ 77575 107807  21133]
 [ 77000  99565  21215]]",5000,125,0.31,good,"[[ 77948 100684  21237]
 [ 77340 106416  21250]
 [ 77295 107822  21215]
 [ 76779  99736  21203]
 [ 77355 106375  21253]]"
251,252,0.2,0.5,0.28571428571428575,864691135920135864,2,"[[ 77575 107807  21133]
 [ 77000  99565  21215]]",5000,125,0.36444444444444446,good,"[[ 77948 100684  21237]
 [ 77340 106416  21250]
 [ 77295 107822  21215]
 [ 76779  99736  21203]
 [ 77355 106375  21253]]"
252,253,0.2,0.5,0.28571428571428575,864691135920135864,2,"[[ 77575 107807  21133]
 [ 77000  99565  21215]]",5000,125,0.41888888888888887,good,"[[ 77948 100684  21237]
 [ 77340 106416  21250]
 [ 77295 107822  21215]
 [ 76779  99736  21203]
 [ 77355 106375  21253]]"
253,254,0.2,0.5,0.28571428571428575,864691135920135864,2,"[[ 77575 107807  21133]
 [ 77000  99565  21215]]",5000,125,0.47333333333333333,good,"[[ 77948 100684  21237]
 [ 77340 106416  21250]
 [ 77295 107822  21215]
 [ 76779  99736  21203]
 [ 77355 106375  21253]]"
254,255,0.2,0.5,0.28571428571428575,864691135920135864,2,"[[ 77575 107807  21133]
 [ 77000  99565  21215]]",5000,125,0.5277777777777778,good,"[[ 77948 100684  21237]
 [ 77340 106416  21250]
 [ 77295 107822  21215]
 [ 76779  99736  21203]
 [ 77355 106375  21253]]"
255,256,0.2,0.5,0.28571428571428575,864691135920135864,2,"[[ 77575 107807  21133]
 [ 77000  99565  21215]]",5000,125,0.5822222222222222,good,"[[ 77948 100684  21237]
 [ 77340 106416  21250]
 [ 77295 107822  21215]
 [ 76779  99736  21203]
 [ 77355 106375  21253]]"
256,257,0.2,0.5,0.28571428571428575,864691135920135864,2,"[[ 77575 107807  21133]
 [ 77000  99565  21215]]",5000,125,0.6366666666666667,good,"[[ 77948 100684  21237]
 [ 77340 106416  21250]
 [ 77295 107822  21215]
 [ 76779  99736  21203]
 [ 77355 106375  21253]]"
257,258,0.2,0.5,0.28571428571428575,864691135920135864,2,"[[ 77575 107807  21133]
 [ 77000  99565  21215]]",5000,125,0.6911111111111111,good,"[[ 77948 100684  21237]
 [ 77340 106416  21250]
 [ 77295 107822  21215]
 [ 76779  99736  21203]
 [ 77355 106375  21253]]"
258,259,0.2,0.5,0.28571428571428575,864691135920135864,2,"[[ 77575 107807  21133]
 [ 77000  99565  21215]]",5000,125,0.7455555555555555,good,"[[ 77948 100684  21237]
 [ 77340 106416  21250]
 [ 77295 107822  21215]
 [ 76779  99736  21203]
 [ 77355 106375  21253]]"
259,260,0.2,0.5,0.28571428571428575,864691135920135864,2,"[[ 77575 107807  21133]
 [ 77000  99565  21215]]",5000,125,0.8,good,"[[ 77948 100684  21237]
 [ 77340 106416  21250]
 [ 77295 107822  21215]
 [ 76779  99736  21203]
 [ 77355 106375  21253]]"
260,261,0.2,0.5,0.28571428571428575,864691135920135864,2,"[[ 77575 107807  21133]
 [ 77000  99565  21215]]",5000,150,0.31,good,"[[ 77947 100684  21237]
 [ 77341 106415  21250]
 [ 77307 107821  21216]
 [ 76780  99733  21203]
 [ 77354 106375  21253]]"
261,262,0.2,0.5,0.28571428571428575,864691135920135864,2,"[[ 77575 107807  21133]
 [ 77000  99565  21215]]",5000,150,0.36444444444444446,good,"[[ 77947 100684  21237]
 [ 77341 106415  21250]
 [ 77307 107821  21216]
 [ 76780  99733  21203]
 [ 77354 106375  21253]]"
262,263,0.2,0.5,0.28571428571428575,864691135920135864,2,"[[ 77575 107807  21133]
 [ 77000  99565  21215]]",5000,150,0.41888888888888887,good,"[[ 77947 100684  21237]
 [ 77341 106415  21250]
 [ 77307 107821  21216]
 [ 76780  99733  21203]
 [ 77354 106375  21253]]"
263,264,0.2,0.5,0.28571428571428575,864691135920135864,2,"[[ 77575 107807  21133]
 [ 77000  99565  21215]]",5000,150,0.47333333333333333,good,"[[ 77947 100684  21237]
 [ 77341 106415  21250]
 [ 77307 107821  21216]
 [ 76780  99733  21203]
 [ 77354 106375  21253]]"
264,265,0.2,0.5,0.28571428571428575,864691135920135864,2,"[[ 77575 107807  21133]
 [ 77000  99565  21215]]",5000,150,0.5277777777777778,good,"[[ 77947 100684  21237]
 [ 77341 106415  21250]
 [ 77307 107821  21216]
 [ 76780  99733  21203]
 [ 77354 106375  21253]]"
265,266,0.2,0.5,0.28571428571428575,864691135920135864,2,"[[ 77575 107807  21133]
 [ 77000  99565  21215]]",5000,150,0.5822222222222222,good,"[[ 77947 100684  21237]
 [ 77341 106415  21250]
 [ 77307 107821  21216]
 [ 76780  99733  21203]
 [ 77354 106375  21253]]"
266,267,0.2,0.5,0.28571428571428575,864691135920135864,2,"[[ 77575 107807  21133]
 [ 77000  99565  21215]]",5000,150,0.6366666666666667,good,"[[ 77947 100684  21237]
 [ 77341 106415  21250]
 [ 77307 107821  21216]
 [ 76780  99733  21203]
 [ 77354 106375  21253]]"
267,268,0.2,0.5,0.28571428571428575,864691135920135864,2,"[[ 77575 107807  21133]
 [ 77000  99565  21215]]",5000,150,0.6911111111111111,good,"[[ 77947 100684  21237]
 [ 77341 106415  21250]
 [ 77307 107821  21216]
 [ 76780  99733  21203]
 [ 77354 106375  21253]]"
268,269,0.2,0.5,0.28571428571428575,864691135920135864,2,"[[ 77575 107807  21133]
 [ 77000  99565  21215]]",5000,150,0.7455555555555555,good,"[[ 77947 100684  21237]
 [ 77341 106415  21250]
 [ 77307 107821  21216]
 [ 76780  99733  21203]
 [ 77354 106375  21253]]"
269,270,0.2,0.5,0.28571428571428575,864691135920135864,2,"[[ 77575 107807  21133]
 [ 77000  99565  21215]]",5000,150,0.8,good,"[[ 77947 100684  21237]
 [ 77341 106415  21250]
 [ 77307 107821  21216]
 [ 76780  99733  21203]
 [ 77354 106375  21253]]"
270,271,0.2,0.5,0.28571428571428575,864691135920135864,2,"[[ 77575 107807  21133]
 [ 77000  99565  21215]]",5000,175,0.31,good,"[[ 77946 100684  21237]
 [ 77342 106414  21250]
 [ 77307 107820  21216]
 [ 76780  99731  21203]
 [ 77353 106376  21253]]"
271,272,0.2,0.5,0.28571428571428575,864691135920135864,2,"[[ 77575 107807  21133]
 [ 77000  99565  21215]]",5000,175,0.36444444444444446,good,"[[ 77946 100684  21237]
 [ 77342 106414  21250]
 [ 77307 107820  21216]
 [ 76780  99731  21203]
 [ 77353 106376  21253]]"
272,273,0.2,0.5,0.28571428571428575,864691135920135864,2,"[[ 77575 107807  21133]
 [ 77000  99565  21215]]",5000,175,0.41888888888888887,good,"[[ 77946 100684  21237]
 [ 77342 106414  21250]
 [ 77307 107820  21216]
 [ 76780  99731  21203]
 [ 77353 106376  21253]]"
273,274,0.2,0.5,0.28571428571428575,864691135920135864,2,"[[ 77575 107807  21133]
 [ 77000  99565  21215]]",5000,175,0.47333333333333333,good,"[[ 77946 100684  21237]
 [ 77342 106414  21250]
 [ 77307 107820  21216]
 [ 76780  99731  21203]
 [ 77353 106376  21253]]"
274,275,0.2,0.5,0.28571428571428575,864691135920135864,2,"[[ 77575 107807  21133]
 [ 77000  99565  21215]]",5000,175,0.5277777777777778,good,"[[ 77946 100684  21237]
 [ 77342 106414  21250]
 [ 77307 107820  21216]
 [ 76780  99731  21203]
 [ 77353 106376  21253]]"
275,276,0.2,0.5,0.28571428571428575,864691135920135864,2,"[[ 77575 107807  21133]
 [ 77000  99565  21215]]",5000,175,0.5822222222222222,good,"[[ 77946 100684  21237]
 [ 77342 106414  21250]
 [ 77307 107820  21216]
 [ 76780  99731  21203]
 [ 77353 106376  21253]]"
276,277,0.2,0.5,0.28571428571428575,864691135920135864,2,"[[ 77575 107807  21133]
 [ 77000  99565  21215]]",5000,175,0.6366666666666667,good,"[[ 77946 100684  21237]
 [ 77342 106414  21250]
 [ 77307 107820  21216]
 [ 76780  99731  21203]
 [ 77353 106376  21253]]"
277,278,0.2,0.5,0.28571428571428575,864691135920135864,2,"[[ 77575 107807  21133]
 [ 77000  99565  21215]]",5000,175,0.6911111111111111,good,"[[ 77946 100684  21237]
 [ 77342 106414  21250]
 [ 77307 107820  21216]
 [ 76780  99731  21203]
 [ 77353 106376  21253]]"
278,279,0.2,0.5,0.28571428571428575,864691135920135864,2,"[[ 77575 107807  21133]
 [ 77000  99565  21215]]",5000,175,0.7455555555555555,good,"[[ 77946 100684  21237]
 [ 77342 106414  21250]
 [ 77307 107820  21216]
 [ 76780  99731  21203]
 [ 77353 106376  21253]]"
279,280,0.2,0.5,0.28571428571428575,864691135920135864,2,"[[ 77575 107807  21133]
 [ 77000  99565  21215]]",5000,175,0.8,good,"[[ 77946 100684  21237]
 [ 77342 106414  21250]
 [ 77307 107820  21216]
 [ 76780  99731  21203]
 [ 77353 106376  21253]]"
280,281,0.2,0.5,0.28571428571428575,864691135920135864,2,"[[ 77575 107807  21133]
 [ 77000  99565  21215]]",5000,200,0.31,good,"[[ 77945 100685  21237]
 [ 77343 106414  21250]
 [ 77307 107820  21216]
 [ 76781  99729  21203]
 [ 77353 106376  21253]]"
281,282,0.2,0.5,0.28571428571428575,864691135920135864,2,"[[ 77575 107807  21133]
 [ 77000  99565  21215]]",5000,200,0.36444444444444446,good,"[[ 77945 100685  21237]
 [ 77343 106414  21250]
 [ 77307 107820  21216]
 [ 76781  99729  21203]
 [ 77353 106376  21253]]"
282,283,0.2,0.5,0.28571428571428575,864691135920135864,2,"[[ 77575 107807  21133]
 [ 77000  99565  21215]]",5000,200,0.41888888888888887,good,"[[ 77945 100685  21237]
 [ 77343 106414  21250]
 [ 77307 107820  21216]
 [ 76781  99729  21203]
 [ 77353 106376  21253]]"
283,284,0.2,0.5,0.28571428571428575,864691135920135864,2,"[[ 77575 107807  21133]
 [ 77000  99565  21215]]",5000,200,0.47333333333333333,good,"[[ 77945 100685  21237]
 [ 77343 106414  21250]
 [ 77307 107820  21216]
 [ 76781  99729  21203]
 [ 77353 106376  21253]]"
284,285,0.2,0.5,0.28571428571428575,864691135920135864,2,"[[ 77575 107807  21133]
 [ 77000  99565  21215]]",5000,200,0.5277777777777778,good,"[[ 77945 100685  21237]
 [ 77343 106414  21250]
 [ 77307 107820  21216]
 [ 76781  99729  21203]
 [ 77353 106376  21253]]"
285,286,0.2,0.5,0.28571428571428575,864691135920135864,2,"[[ 77575 107807  21133]
 [ 77000  99565  21215]]",5000,200,0.5822222222222222,good,"[[ 77945 100685  21237]
 [ 77343 106414  21250]
 [ 77307 107820  21216]
 [ 76781  99729  21203]
 [ 77353 106376  21253]]"
286,287,0.2,0.5,0.28571428571428575,864691135920135864,2,"[[ 77575 107807  21133]
 [ 77000  99565  21215]]",5000,200,0.6366666666666667,good,"[[ 77945 100685  21237]
 [ 77343 106414  21250]
 [ 77307 107820  21216]
 [ 76781  99729  21203]
 [ 77353 106376  21253]]"
287,288,0.2,0.5,0.28571428571428575,864691135920135864,2,"[[ 77575 107807  21133]
 [ 77000  99565  21215]]",5000,200,0.6911111111111111,good,"[[ 77945 100685  21237]
 [ 77343 106414  21250]
 [ 77307 107820  21216]
 [ 76781  99729  21203]
 [ 77353 106376  21253]]"
288,289,0.2,0.5,0.28571428571428575,864691135920135864,2,"[[ 77575 107807  21133]
 [ 77000  99565  21215]]",5000,200,0.7455555555555555,good,"[[ 77945 100685  21237]
 [ 77343 106414  21250]
 [ 77307 107820  21216]
 [ 76781  99729  21203]
 [ 77353 106376  21253]]"
289,290,0.2,0.5,0.28571428571428575,864691135920135864,2,"[[ 77575 107807  21133]
 [ 77000  99565  21215]]",5000,200,0.8,good,"[[ 77945 100685  21237]
 [ 77343 106414  21250]
 [ 77307 107820  21216]
 [ 76781  99729  21203]
 [ 77353 106376  21253]]"
290,291,0.2,0.5,0.28571428571428575,864691135920135864,2,"[[ 77575 107807  21133]
 [ 77000  99565  21215]]",5000,225,0.31,good,"[[ 77944 100685  21237]
 [ 77343 106413  21250]
 [ 77307 107819  21216]
 [ 76781  99728  21203]
 [ 77352 106377  21253]]"
291,292,0.2,0.5,0.28571428571428575,864691135920135864,2,"[[ 77575 107807  21133]
 [ 77000  99565  21215]]",5000,225,0.36444444444444446,good,"[[ 77944 100685  21237]
 [ 77343 106413  21250]
 [ 77307 107819  21216]
 [ 76781  99728  21203]
 [ 77352 106377  21253]]"
292,293,0.2,0.5,0.28571428571428575,864691135920135864,2,"[[ 77575 107807  21133]
 [ 77000  99565  21215]]",5000,225,0.41888888888888887,good,"[[ 77944 100685  21237]
 [ 77343 106413  21250]
 [ 77307 107819  21216]
 [ 76781  99728  21203]
 [ 77352 106377  21253]]"
293,294,0.2,0.5,0.28571428571428575,864691135920135864,2,"[[ 77575 107807  21133]
 [ 77000  99565  21215]]",5000,225,0.47333333333333333,good,"[[ 77944 100685  21237]
 [ 77343 106413  21250]
 [ 77307 107819  21216]
 [ 76781  99728  21203]
 [ 77352 106377  21253]]"
294,295,0.2,0.5,0.28571428571428575,864691135920135864,2,"[[ 77575 107807  21133]
 [ 77000  99565  21215]]",5000,225,0.5277777777777778,good,"[[ 77944 100685  21237]
 [ 77343 106413  21250]
 [ 77307 107819  21216]
 [ 76781  99728  21203]
 [ 77352 106377  21253]]"
295,296,0.2,0.5,0.28571428571428575,864691135920135864,2,"[[ 77575 107807  21133]
 [ 77000  99565  21215]]",5000,225,0.5822222222222222,good,"[[ 77944 100685  21237]
 [ 77343 106413  21250]
 [ 77307 107819  21216]
 [ 76781  99728  21203]
 [ 77352 106377  21253]]"
296,297,0.2,0.5,0.28571428571428575,864691135920135864,2,"[[ 77575 107807  21133]
 [ 77000  99565  21215]]",5000,225,0.6366666666666667,good,"[[ 77944 100685  21237]
 [ 77343 106413  21250]
 [ 77307 107819  21216]
 [ 76781  99728  21203]
 [ 77352 106377  21253]]"
297,298,0.2,0.5,0.28571428571428575,864691135920135864,2,"[[ 77575 107807  21133]
 [ 77000  99565  21215]]",5000,225,0.6911111111111111,good,"[[ 77944 100685  21237]
 [ 77343 106413  21250]
 [ 77307 107819  21216]
 [ 76781  99728  21203]
 [ 77352 106377  21253]]"
298,299,0.2,0.5,0.28571428571428575,864691135920135864,2,"[[ 77575 107807  21133]
 [ 77000  99565  21215]]",5000,225,0.7455555555555555,good,"[[ 77944 100685  21237]
 [ 77343 106413  21250]
 [ 77307 107819  21216]
 [ 76781  99728  21203]
 [ 77352 106377  21253]]"
299,300,0.2,0.5,0.28571428571428575,864691135920135864,2,"[[ 77575 107807  21133]
 [ 77000  99565  21215]]",5000,225,0.8,good,"[[ 77944 100685  21237]
 [ 77343 106413  21250]
 [ 77307 107819  21216]
 [ 76781  99728  21203]
 [ 77352 106377  21253]]"
