,run,precision,recall,f1,seg_id,num_endpoints,endpoints,invalidation_d,num_humfrey_iters,decimation_factor,comments,proposed_endpoints
0,1,0.3333333333333333,0.5,0.4,864691136584897745,2,"[[103037 175591  18434]
 [ 99978 172371  18836]]",4000,0,0.31,good,"[[102558 175749  18514]
 [100002 172383  18842]
 [100590 173439  18528]]"
1,2,0.3333333333333333,0.5,0.4,864691136584897745,2,"[[103037 175591  18434]
 [ 99978 172371  18836]]",4000,0,0.36444444444444446,good,"[[102558 175749  18514]
 [100002 172383  18842]
 [100590 173439  18528]]"
2,3,0.3333333333333333,0.5,0.4,864691136584897745,2,"[[103037 175591  18434]
 [ 99978 172371  18836]]",4000,0,0.41888888888888887,good,"[[102558 175749  18514]
 [100002 172383  18842]
 [100590 173439  18528]]"
3,4,0.3333333333333333,0.5,0.4,864691136584897745,2,"[[103037 175591  18434]
 [ 99978 172371  18836]]",4000,0,0.47333333333333333,good,"[[102558 175749  18514]
 [100002 172383  18842]
 [100590 173439  18528]]"
4,5,0.3333333333333333,0.5,0.4,864691136584897745,2,"[[103037 175591  18434]
 [ 99978 172371  18836]]",4000,0,0.5277777777777778,good,"[[102558 175749  18514]
 [100002 172383  18842]
 [100590 173439  18528]]"
5,6,0.3333333333333333,0.5,0.4,864691136584897745,2,"[[103037 175591  18434]
 [ 99978 172371  18836]]",4000,0,0.5822222222222222,good,"[[102558 175749  18514]
 [100002 172383  18842]
 [100590 173439  18528]]"
6,7,0.3333333333333333,0.5,0.4,864691136584897745,2,"[[103037 175591  18434]
 [ 99978 172371  18836]]",4000,0,0.6366666666666667,good,"[[102558 175749  18514]
 [100002 172383  18842]
 [100590 173439  18528]]"
7,8,0.3333333333333333,0.5,0.4,864691136584897745,2,"[[103037 175591  18434]
 [ 99978 172371  18836]]",4000,0,0.6911111111111111,good,"[[102558 175749  18514]
 [100002 172383  18842]
 [100590 173439  18528]]"
8,9,0.3333333333333333,0.5,0.4,864691136584897745,2,"[[103037 175591  18434]
 [ 99978 172371  18836]]",4000,0,0.7455555555555555,good,"[[102558 175749  18514]
 [100002 172383  18842]
 [100590 173439  18528]]"
9,10,0.3333333333333333,0.5,0.4,864691136584897745,2,"[[103037 175591  18434]
 [ 99978 172371  18836]]",4000,0,0.8,good,"[[102558 175749  18514]
 [100002 172383  18842]
 [100590 173439  18528]]"
10,11,0.3333333333333333,0.5,0.4,864691136584897745,2,"[[103037 175591  18434]
 [ 99978 172371  18836]]",4000,25,0.31,good,"[[102563 175751  18514]
 [100025 172392  18841]
 [100594 173444  18528]]"
11,12,0.3333333333333333,0.5,0.4,864691136584897745,2,"[[103037 175591  18434]
 [ 99978 172371  18836]]",4000,25,0.36444444444444446,good,"[[102563 175751  18514]
 [100025 172392  18841]
 [100594 173444  18528]]"
12,13,0.3333333333333333,0.5,0.4,864691136584897745,2,"[[103037 175591  18434]
 [ 99978 172371  18836]]",4000,25,0.41888888888888887,good,"[[102563 175751  18514]
 [100025 172392  18841]
 [100594 173444  18528]]"
13,14,0.3333333333333333,0.5,0.4,864691136584897745,2,"[[103037 175591  18434]
 [ 99978 172371  18836]]",4000,25,0.47333333333333333,good,"[[102563 175751  18514]
 [100025 172392  18841]
 [100594 173444  18528]]"
14,15,0.3333333333333333,0.5,0.4,864691136584897745,2,"[[103037 175591  18434]
 [ 99978 172371  18836]]",4000,25,0.5277777777777778,good,"[[102563 175751  18514]
 [100025 172392  18841]
 [100594 173444  18528]]"
15,16,0.3333333333333333,0.5,0.4,864691136584897745,2,"[[103037 175591  18434]
 [ 99978 172371  18836]]",4000,25,0.5822222222222222,good,"[[102563 175751  18514]
 [100025 172392  18841]
 [100594 173444  18528]]"
16,17,0.3333333333333333,0.5,0.4,864691136584897745,2,"[[103037 175591  18434]
 [ 99978 172371  18836]]",4000,25,0.6366666666666667,good,"[[102563 175751  18514]
 [100025 172392  18841]
 [100594 173444  18528]]"
17,18,0.3333333333333333,0.5,0.4,864691136584897745,2,"[[103037 175591  18434]
 [ 99978 172371  18836]]",4000,25,0.6911111111111111,good,"[[102563 175751  18514]
 [100025 172392  18841]
 [100594 173444  18528]]"
18,19,0.3333333333333333,0.5,0.4,864691136584897745,2,"[[103037 175591  18434]
 [ 99978 172371  18836]]",4000,25,0.7455555555555555,good,"[[102563 175751  18514]
 [100025 172392  18841]
 [100594 173444  18528]]"
19,20,0.3333333333333333,0.5,0.4,864691136584897745,2,"[[103037 175591  18434]
 [ 99978 172371  18836]]",4000,25,0.8,good,"[[102563 175751  18514]
 [100025 172392  18841]
 [100594 173444  18528]]"
20,21,0.3333333333333333,0.5,0.4,864691136584897745,2,"[[103037 175591  18434]
 [ 99978 172371  18836]]",4000,50,0.31,good,"[[102563 175751  18514]
 [100025 172392  18841]
 [100594 173444  18528]]"
21,22,0.3333333333333333,0.5,0.4,864691136584897745,2,"[[103037 175591  18434]
 [ 99978 172371  18836]]",4000,50,0.36444444444444446,good,"[[102563 175751  18514]
 [100025 172392  18841]
 [100594 173444  18528]]"
22,23,0.3333333333333333,0.5,0.4,864691136584897745,2,"[[103037 175591  18434]
 [ 99978 172371  18836]]",4000,50,0.41888888888888887,good,"[[102563 175751  18514]
 [100025 172392  18841]
 [100594 173444  18528]]"
23,24,0.3333333333333333,0.5,0.4,864691136584897745,2,"[[103037 175591  18434]
 [ 99978 172371  18836]]",4000,50,0.47333333333333333,good,"[[102563 175751  18514]
 [100025 172392  18841]
 [100594 173444  18528]]"
24,25,0.3333333333333333,0.5,0.4,864691136584897745,2,"[[103037 175591  18434]
 [ 99978 172371  18836]]",4000,50,0.5277777777777778,good,"[[102563 175751  18514]
 [100025 172392  18841]
 [100594 173444  18528]]"
25,26,0.3333333333333333,0.5,0.4,864691136584897745,2,"[[103037 175591  18434]
 [ 99978 172371  18836]]",4000,50,0.5822222222222222,good,"[[102563 175751  18514]
 [100025 172392  18841]
 [100594 173444  18528]]"
26,27,0.3333333333333333,0.5,0.4,864691136584897745,2,"[[103037 175591  18434]
 [ 99978 172371  18836]]",4000,50,0.6366666666666667,good,"[[102563 175751  18514]
 [100025 172392  18841]
 [100594 173444  18528]]"
27,28,0.3333333333333333,0.5,0.4,864691136584897745,2,"[[103037 175591  18434]
 [ 99978 172371  18836]]",4000,50,0.6911111111111111,good,"[[102563 175751  18514]
 [100025 172392  18841]
 [100594 173444  18528]]"
28,29,0.3333333333333333,0.5,0.4,864691136584897745,2,"[[103037 175591  18434]
 [ 99978 172371  18836]]",4000,50,0.7455555555555555,good,"[[102563 175751  18514]
 [100025 172392  18841]
 [100594 173444  18528]]"
29,30,0.3333333333333333,0.5,0.4,864691136584897745,2,"[[103037 175591  18434]
 [ 99978 172371  18836]]",4000,50,0.8,good,"[[102563 175751  18514]
 [100025 172392  18841]
 [100594 173444  18528]]"
30,31,0.3333333333333333,0.5,0.4,864691136584897745,2,"[[103037 175591  18434]
 [ 99978 172371  18836]]",4000,75,0.31,good,"[[102563 175751  18514]
 [100025 172392  18841]
 [100594 173444  18528]]"
31,32,0.3333333333333333,0.5,0.4,864691136584897745,2,"[[103037 175591  18434]
 [ 99978 172371  18836]]",4000,75,0.36444444444444446,good,"[[102563 175751  18514]
 [100025 172392  18841]
 [100594 173444  18528]]"
32,33,0.3333333333333333,0.5,0.4,864691136584897745,2,"[[103037 175591  18434]
 [ 99978 172371  18836]]",4000,75,0.41888888888888887,good,"[[102563 175751  18514]
 [100025 172392  18841]
 [100594 173444  18528]]"
33,34,0.3333333333333333,0.5,0.4,864691136584897745,2,"[[103037 175591  18434]
 [ 99978 172371  18836]]",4000,75,0.47333333333333333,good,"[[102563 175751  18514]
 [100025 172392  18841]
 [100594 173444  18528]]"
34,35,0.3333333333333333,0.5,0.4,864691136584897745,2,"[[103037 175591  18434]
 [ 99978 172371  18836]]",4000,75,0.5277777777777778,good,"[[102563 175751  18514]
 [100025 172392  18841]
 [100594 173444  18528]]"
35,36,0.3333333333333333,0.5,0.4,864691136584897745,2,"[[103037 175591  18434]
 [ 99978 172371  18836]]",4000,75,0.5822222222222222,good,"[[102563 175751  18514]
 [100025 172392  18841]
 [100594 173444  18528]]"
36,37,0.3333333333333333,0.5,0.4,864691136584897745,2,"[[103037 175591  18434]
 [ 99978 172371  18836]]",4000,75,0.6366666666666667,good,"[[102563 175751  18514]
 [100025 172392  18841]
 [100594 173444  18528]]"
37,38,0.3333333333333333,0.5,0.4,864691136584897745,2,"[[103037 175591  18434]
 [ 99978 172371  18836]]",4000,75,0.6911111111111111,good,"[[102563 175751  18514]
 [100025 172392  18841]
 [100594 173444  18528]]"
38,39,0.3333333333333333,0.5,0.4,864691136584897745,2,"[[103037 175591  18434]
 [ 99978 172371  18836]]",4000,75,0.7455555555555555,good,"[[102563 175751  18514]
 [100025 172392  18841]
 [100594 173444  18528]]"
39,40,0.3333333333333333,0.5,0.4,864691136584897745,2,"[[103037 175591  18434]
 [ 99978 172371  18836]]",4000,75,0.8,good,"[[102563 175751  18514]
 [100025 172392  18841]
 [100594 173444  18528]]"
40,41,0.3333333333333333,0.5,0.4,864691136584897745,2,"[[103037 175591  18434]
 [ 99978 172371  18836]]",4000,100,0.31,good,"[[102563 175751  18514]
 [100025 172392  18841]
 [100594 173444  18528]]"
41,42,0.3333333333333333,0.5,0.4,864691136584897745,2,"[[103037 175591  18434]
 [ 99978 172371  18836]]",4000,100,0.36444444444444446,good,"[[102563 175751  18514]
 [100025 172392  18841]
 [100594 173444  18528]]"
42,43,0.3333333333333333,0.5,0.4,864691136584897745,2,"[[103037 175591  18434]
 [ 99978 172371  18836]]",4000,100,0.41888888888888887,good,"[[102563 175751  18514]
 [100025 172392  18841]
 [100594 173444  18528]]"
43,44,0.3333333333333333,0.5,0.4,864691136584897745,2,"[[103037 175591  18434]
 [ 99978 172371  18836]]",4000,100,0.47333333333333333,good,"[[102563 175751  18514]
 [100025 172392  18841]
 [100594 173444  18528]]"
44,45,0.3333333333333333,0.5,0.4,864691136584897745,2,"[[103037 175591  18434]
 [ 99978 172371  18836]]",4000,100,0.5277777777777778,good,"[[102563 175751  18514]
 [100025 172392  18841]
 [100594 173444  18528]]"
45,46,0.3333333333333333,0.5,0.4,864691136584897745,2,"[[103037 175591  18434]
 [ 99978 172371  18836]]",4000,100,0.5822222222222222,good,"[[102563 175751  18514]
 [100025 172392  18841]
 [100594 173444  18528]]"
46,47,0.3333333333333333,0.5,0.4,864691136584897745,2,"[[103037 175591  18434]
 [ 99978 172371  18836]]",4000,100,0.6366666666666667,good,"[[102563 175751  18514]
 [100025 172392  18841]
 [100594 173444  18528]]"
47,48,0.3333333333333333,0.5,0.4,864691136584897745,2,"[[103037 175591  18434]
 [ 99978 172371  18836]]",4000,100,0.6911111111111111,good,"[[102563 175751  18514]
 [100025 172392  18841]
 [100594 173444  18528]]"
48,49,0.3333333333333333,0.5,0.4,864691136584897745,2,"[[103037 175591  18434]
 [ 99978 172371  18836]]",4000,100,0.7455555555555555,good,"[[102563 175751  18514]
 [100025 172392  18841]
 [100594 173444  18528]]"
49,50,0.3333333333333333,0.5,0.4,864691136584897745,2,"[[103037 175591  18434]
 [ 99978 172371  18836]]",4000,100,0.8,good,"[[102563 175751  18514]
 [100025 172392  18841]
 [100594 173444  18528]]"
50,51,0.3333333333333333,0.5,0.4,864691136584897745,2,"[[103037 175591  18434]
 [ 99978 172371  18836]]",4000,125,0.31,good,"[[102563 175751  18514]
 [100025 172392  18841]
 [100594 173444  18528]]"
51,52,0.3333333333333333,0.5,0.4,864691136584897745,2,"[[103037 175591  18434]
 [ 99978 172371  18836]]",4000,125,0.36444444444444446,good,"[[102563 175751  18514]
 [100025 172392  18841]
 [100594 173444  18528]]"
52,53,0.3333333333333333,0.5,0.4,864691136584897745,2,"[[103037 175591  18434]
 [ 99978 172371  18836]]",4000,125,0.41888888888888887,good,"[[102563 175751  18514]
 [100025 172392  18841]
 [100594 173444  18528]]"
53,54,0.3333333333333333,0.5,0.4,864691136584897745,2,"[[103037 175591  18434]
 [ 99978 172371  18836]]",4000,125,0.47333333333333333,good,"[[102563 175751  18514]
 [100025 172392  18841]
 [100594 173444  18528]]"
54,55,0.3333333333333333,0.5,0.4,864691136584897745,2,"[[103037 175591  18434]
 [ 99978 172371  18836]]",4000,125,0.5277777777777778,good,"[[102563 175751  18514]
 [100025 172392  18841]
 [100594 173444  18528]]"
55,56,0.3333333333333333,0.5,0.4,864691136584897745,2,"[[103037 175591  18434]
 [ 99978 172371  18836]]",4000,125,0.5822222222222222,good,"[[102563 175751  18514]
 [100025 172392  18841]
 [100594 173444  18528]]"
56,57,0.3333333333333333,0.5,0.4,864691136584897745,2,"[[103037 175591  18434]
 [ 99978 172371  18836]]",4000,125,0.6366666666666667,good,"[[102563 175751  18514]
 [100025 172392  18841]
 [100594 173444  18528]]"
57,58,0.3333333333333333,0.5,0.4,864691136584897745,2,"[[103037 175591  18434]
 [ 99978 172371  18836]]",4000,125,0.6911111111111111,good,"[[102563 175751  18514]
 [100025 172392  18841]
 [100594 173444  18528]]"
58,59,0.3333333333333333,0.5,0.4,864691136584897745,2,"[[103037 175591  18434]
 [ 99978 172371  18836]]",4000,125,0.7455555555555555,good,"[[102563 175751  18514]
 [100025 172392  18841]
 [100594 173444  18528]]"
59,60,0.3333333333333333,0.5,0.4,864691136584897745,2,"[[103037 175591  18434]
 [ 99978 172371  18836]]",4000,125,0.8,good,"[[102563 175751  18514]
 [100025 172392  18841]
 [100594 173444  18528]]"
60,61,0.3333333333333333,0.5,0.4,864691136584897745,2,"[[103037 175591  18434]
 [ 99978 172371  18836]]",4000,150,0.31,good,"[[102563 175751  18514]
 [100025 172392  18841]
 [100594 173444  18528]]"
61,62,0.3333333333333333,0.5,0.4,864691136584897745,2,"[[103037 175591  18434]
 [ 99978 172371  18836]]",4000,150,0.36444444444444446,good,"[[102563 175751  18514]
 [100025 172392  18841]
 [100594 173444  18528]]"
62,63,0.3333333333333333,0.5,0.4,864691136584897745,2,"[[103037 175591  18434]
 [ 99978 172371  18836]]",4000,150,0.41888888888888887,good,"[[102563 175751  18514]
 [100025 172392  18841]
 [100594 173444  18528]]"
63,64,0.3333333333333333,0.5,0.4,864691136584897745,2,"[[103037 175591  18434]
 [ 99978 172371  18836]]",4000,150,0.47333333333333333,good,"[[102563 175751  18514]
 [100025 172392  18841]
 [100594 173444  18528]]"
64,65,0.3333333333333333,0.5,0.4,864691136584897745,2,"[[103037 175591  18434]
 [ 99978 172371  18836]]",4000,150,0.5277777777777778,good,"[[102563 175751  18514]
 [100025 172392  18841]
 [100594 173444  18528]]"
65,66,0.3333333333333333,0.5,0.4,864691136584897745,2,"[[103037 175591  18434]
 [ 99978 172371  18836]]",4000,150,0.5822222222222222,good,"[[102563 175751  18514]
 [100025 172392  18841]
 [100594 173444  18528]]"
66,67,0.3333333333333333,0.5,0.4,864691136584897745,2,"[[103037 175591  18434]
 [ 99978 172371  18836]]",4000,150,0.6366666666666667,good,"[[102563 175751  18514]
 [100025 172392  18841]
 [100594 173444  18528]]"
67,68,0.3333333333333333,0.5,0.4,864691136584897745,2,"[[103037 175591  18434]
 [ 99978 172371  18836]]",4000,150,0.6911111111111111,good,"[[102563 175751  18514]
 [100025 172392  18841]
 [100594 173444  18528]]"
68,69,0.3333333333333333,0.5,0.4,864691136584897745,2,"[[103037 175591  18434]
 [ 99978 172371  18836]]",4000,150,0.7455555555555555,good,"[[102563 175751  18514]
 [100025 172392  18841]
 [100594 173444  18528]]"
69,70,0.3333333333333333,0.5,0.4,864691136584897745,2,"[[103037 175591  18434]
 [ 99978 172371  18836]]",4000,150,0.8,good,"[[102563 175751  18514]
 [100025 172392  18841]
 [100594 173444  18528]]"
70,71,0.3333333333333333,0.5,0.4,864691136584897745,2,"[[103037 175591  18434]
 [ 99978 172371  18836]]",4000,175,0.31,good,"[[102563 175751  18514]
 [100025 172392  18841]
 [100594 173444  18528]]"
71,72,0.3333333333333333,0.5,0.4,864691136584897745,2,"[[103037 175591  18434]
 [ 99978 172371  18836]]",4000,175,0.36444444444444446,good,"[[102563 175751  18514]
 [100025 172392  18841]
 [100594 173444  18528]]"
72,73,0.3333333333333333,0.5,0.4,864691136584897745,2,"[[103037 175591  18434]
 [ 99978 172371  18836]]",4000,175,0.41888888888888887,good,"[[102563 175751  18514]
 [100025 172392  18841]
 [100594 173444  18528]]"
73,74,0.3333333333333333,0.5,0.4,864691136584897745,2,"[[103037 175591  18434]
 [ 99978 172371  18836]]",4000,175,0.47333333333333333,good,"[[102563 175751  18514]
 [100025 172392  18841]
 [100594 173444  18528]]"
74,75,0.3333333333333333,0.5,0.4,864691136584897745,2,"[[103037 175591  18434]
 [ 99978 172371  18836]]",4000,175,0.5277777777777778,good,"[[102563 175751  18514]
 [100025 172392  18841]
 [100594 173444  18528]]"
75,76,0.3333333333333333,0.5,0.4,864691136584897745,2,"[[103037 175591  18434]
 [ 99978 172371  18836]]",4000,175,0.5822222222222222,good,"[[102563 175751  18514]
 [100025 172392  18841]
 [100594 173444  18528]]"
76,77,0.3333333333333333,0.5,0.4,864691136584897745,2,"[[103037 175591  18434]
 [ 99978 172371  18836]]",4000,175,0.6366666666666667,good,"[[102563 175751  18514]
 [100025 172392  18841]
 [100594 173444  18528]]"
77,78,0.3333333333333333,0.5,0.4,864691136584897745,2,"[[103037 175591  18434]
 [ 99978 172371  18836]]",4000,175,0.6911111111111111,good,"[[102563 175751  18514]
 [100025 172392  18841]
 [100594 173444  18528]]"
78,79,0.3333333333333333,0.5,0.4,864691136584897745,2,"[[103037 175591  18434]
 [ 99978 172371  18836]]",4000,175,0.7455555555555555,good,"[[102563 175751  18514]
 [100025 172392  18841]
 [100594 173444  18528]]"
79,80,0.3333333333333333,0.5,0.4,864691136584897745,2,"[[103037 175591  18434]
 [ 99978 172371  18836]]",4000,175,0.8,good,"[[102563 175751  18514]
 [100025 172392  18841]
 [100594 173444  18528]]"
80,81,0.3333333333333333,0.5,0.4,864691136584897745,2,"[[103037 175591  18434]
 [ 99978 172371  18836]]",4000,200,0.31,good,"[[102563 175751  18514]
 [100025 172392  18841]
 [100594 173444  18528]]"
81,82,0.3333333333333333,0.5,0.4,864691136584897745,2,"[[103037 175591  18434]
 [ 99978 172371  18836]]",4000,200,0.36444444444444446,good,"[[102563 175751  18514]
 [100025 172392  18841]
 [100594 173444  18528]]"
82,83,0.3333333333333333,0.5,0.4,864691136584897745,2,"[[103037 175591  18434]
 [ 99978 172371  18836]]",4000,200,0.41888888888888887,good,"[[102563 175751  18514]
 [100025 172392  18841]
 [100594 173444  18528]]"
83,84,0.3333333333333333,0.5,0.4,864691136584897745,2,"[[103037 175591  18434]
 [ 99978 172371  18836]]",4000,200,0.47333333333333333,good,"[[102563 175751  18514]
 [100025 172392  18841]
 [100594 173444  18528]]"
84,85,0.3333333333333333,0.5,0.4,864691136584897745,2,"[[103037 175591  18434]
 [ 99978 172371  18836]]",4000,200,0.5277777777777778,good,"[[102563 175751  18514]
 [100025 172392  18841]
 [100594 173444  18528]]"
85,86,0.3333333333333333,0.5,0.4,864691136584897745,2,"[[103037 175591  18434]
 [ 99978 172371  18836]]",4000,200,0.5822222222222222,good,"[[102563 175751  18514]
 [100025 172392  18841]
 [100594 173444  18528]]"
86,87,0.3333333333333333,0.5,0.4,864691136584897745,2,"[[103037 175591  18434]
 [ 99978 172371  18836]]",4000,200,0.6366666666666667,good,"[[102563 175751  18514]
 [100025 172392  18841]
 [100594 173444  18528]]"
87,88,0.3333333333333333,0.5,0.4,864691136584897745,2,"[[103037 175591  18434]
 [ 99978 172371  18836]]",4000,200,0.6911111111111111,good,"[[102563 175751  18514]
 [100025 172392  18841]
 [100594 173444  18528]]"
88,89,0.3333333333333333,0.5,0.4,864691136584897745,2,"[[103037 175591  18434]
 [ 99978 172371  18836]]",4000,200,0.7455555555555555,good,"[[102563 175751  18514]
 [100025 172392  18841]
 [100594 173444  18528]]"
89,90,0.3333333333333333,0.5,0.4,864691136584897745,2,"[[103037 175591  18434]
 [ 99978 172371  18836]]",4000,200,0.8,good,"[[102563 175751  18514]
 [100025 172392  18841]
 [100594 173444  18528]]"
90,91,0.3333333333333333,0.5,0.4,864691136584897745,2,"[[103037 175591  18434]
 [ 99978 172371  18836]]",4000,225,0.31,good,"[[102563 175751  18514]
 [100025 172392  18841]
 [100594 173444  18528]]"
91,92,0.3333333333333333,0.5,0.4,864691136584897745,2,"[[103037 175591  18434]
 [ 99978 172371  18836]]",4000,225,0.36444444444444446,good,"[[102563 175751  18514]
 [100025 172392  18841]
 [100594 173444  18528]]"
92,93,0.3333333333333333,0.5,0.4,864691136584897745,2,"[[103037 175591  18434]
 [ 99978 172371  18836]]",4000,225,0.41888888888888887,good,"[[102563 175751  18514]
 [100025 172392  18841]
 [100594 173444  18528]]"
93,94,0.3333333333333333,0.5,0.4,864691136584897745,2,"[[103037 175591  18434]
 [ 99978 172371  18836]]",4000,225,0.47333333333333333,good,"[[102563 175751  18514]
 [100025 172392  18841]
 [100594 173444  18528]]"
94,95,0.3333333333333333,0.5,0.4,864691136584897745,2,"[[103037 175591  18434]
 [ 99978 172371  18836]]",4000,225,0.5277777777777778,good,"[[102563 175751  18514]
 [100025 172392  18841]
 [100594 173444  18528]]"
95,96,0.3333333333333333,0.5,0.4,864691136584897745,2,"[[103037 175591  18434]
 [ 99978 172371  18836]]",4000,225,0.5822222222222222,good,"[[102563 175751  18514]
 [100025 172392  18841]
 [100594 173444  18528]]"
96,97,0.3333333333333333,0.5,0.4,864691136584897745,2,"[[103037 175591  18434]
 [ 99978 172371  18836]]",4000,225,0.6366666666666667,good,"[[102563 175751  18514]
 [100025 172392  18841]
 [100594 173444  18528]]"
97,98,0.3333333333333333,0.5,0.4,864691136584897745,2,"[[103037 175591  18434]
 [ 99978 172371  18836]]",4000,225,0.6911111111111111,good,"[[102563 175751  18514]
 [100025 172392  18841]
 [100594 173444  18528]]"
98,99,0.3333333333333333,0.5,0.4,864691136584897745,2,"[[103037 175591  18434]
 [ 99978 172371  18836]]",4000,225,0.7455555555555555,good,"[[102563 175751  18514]
 [100025 172392  18841]
 [100594 173444  18528]]"
99,100,0.3333333333333333,0.5,0.4,864691136584897745,2,"[[103037 175591  18434]
 [ 99978 172371  18836]]",4000,225,0.8,good,"[[102563 175751  18514]
 [100025 172392  18841]
 [100594 173444  18528]]"
100,101,0.3333333333333333,0.5,0.4,864691136584897745,2,"[[103037 175591  18434]
 [ 99978 172371  18836]]",4200,0,0.31,good,"[[102563 175751  18514]
 [100025 172392  18841]
 [100594 173444  18528]]"
101,102,0.3333333333333333,0.5,0.4,864691136584897745,2,"[[103037 175591  18434]
 [ 99978 172371  18836]]",4200,0,0.36444444444444446,good,"[[102558 175749  18514]
 [100002 172383  18842]
 [100590 173439  18528]]"
102,103,0.3333333333333333,0.5,0.4,864691136584897745,2,"[[103037 175591  18434]
 [ 99978 172371  18836]]",4200,0,0.41888888888888887,good,"[[102558 175749  18514]
 [100002 172383  18842]
 [100590 173439  18528]]"
103,104,0.3333333333333333,0.5,0.4,864691136584897745,2,"[[103037 175591  18434]
 [ 99978 172371  18836]]",4200,0,0.47333333333333333,good,"[[102558 175749  18514]
 [100002 172383  18842]
 [100590 173439  18528]]"
104,105,0.3333333333333333,0.5,0.4,864691136584897745,2,"[[103037 175591  18434]
 [ 99978 172371  18836]]",4200,0,0.5277777777777778,good,"[[102558 175749  18514]
 [100002 172383  18842]
 [100590 173439  18528]]"
105,106,0.3333333333333333,0.5,0.4,864691136584897745,2,"[[103037 175591  18434]
 [ 99978 172371  18836]]",4200,0,0.5822222222222222,good,"[[102558 175749  18514]
 [100002 172383  18842]
 [100590 173439  18528]]"
106,107,0.3333333333333333,0.5,0.4,864691136584897745,2,"[[103037 175591  18434]
 [ 99978 172371  18836]]",4200,0,0.6366666666666667,good,"[[102558 175749  18514]
 [100002 172383  18842]
 [100590 173439  18528]]"
107,108,0.3333333333333333,0.5,0.4,864691136584897745,2,"[[103037 175591  18434]
 [ 99978 172371  18836]]",4200,0,0.6911111111111111,good,"[[102558 175749  18514]
 [100002 172383  18842]
 [100590 173439  18528]]"
108,109,0.3333333333333333,0.5,0.4,864691136584897745,2,"[[103037 175591  18434]
 [ 99978 172371  18836]]",4200,0,0.7455555555555555,good,"[[102558 175749  18514]
 [100002 172383  18842]
 [100590 173439  18528]]"
109,110,0.3333333333333333,0.5,0.4,864691136584897745,2,"[[103037 175591  18434]
 [ 99978 172371  18836]]",4200,0,0.8,good,"[[102558 175749  18514]
 [100002 172383  18842]
 [100590 173439  18528]]"
110,111,0.3333333333333333,0.5,0.4,864691136584897745,2,"[[103037 175591  18434]
 [ 99978 172371  18836]]",4200,25,0.31,good,"[[102563 175751  18514]
 [100025 172392  18841]
 [100594 173444  18528]]"
111,112,0.3333333333333333,0.5,0.4,864691136584897745,2,"[[103037 175591  18434]
 [ 99978 172371  18836]]",4200,25,0.36444444444444446,good,"[[102563 175751  18514]
 [100025 172392  18841]
 [100594 173444  18528]]"
112,113,0.3333333333333333,0.5,0.4,864691136584897745,2,"[[103037 175591  18434]
 [ 99978 172371  18836]]",4200,25,0.41888888888888887,good,"[[102563 175751  18514]
 [100025 172392  18841]
 [100594 173444  18528]]"
113,114,0.3333333333333333,0.5,0.4,864691136584897745,2,"[[103037 175591  18434]
 [ 99978 172371  18836]]",4200,25,0.47333333333333333,good,"[[102563 175751  18514]
 [100025 172392  18841]
 [100594 173444  18528]]"
114,115,0.3333333333333333,0.5,0.4,864691136584897745,2,"[[103037 175591  18434]
 [ 99978 172371  18836]]",4200,25,0.5277777777777778,good,"[[102563 175751  18514]
 [100025 172392  18841]
 [100594 173444  18528]]"
115,116,0.3333333333333333,0.5,0.4,864691136584897745,2,"[[103037 175591  18434]
 [ 99978 172371  18836]]",4200,25,0.5822222222222222,good,"[[102563 175751  18514]
 [100025 172392  18841]
 [100594 173444  18528]]"
116,117,0.3333333333333333,0.5,0.4,864691136584897745,2,"[[103037 175591  18434]
 [ 99978 172371  18836]]",4200,25,0.6366666666666667,good,"[[102563 175751  18514]
 [100025 172392  18841]
 [100594 173444  18528]]"
117,118,0.3333333333333333,0.5,0.4,864691136584897745,2,"[[103037 175591  18434]
 [ 99978 172371  18836]]",4200,25,0.6911111111111111,good,"[[102563 175751  18514]
 [100025 172392  18841]
 [100594 173444  18528]]"
118,119,0.3333333333333333,0.5,0.4,864691136584897745,2,"[[103037 175591  18434]
 [ 99978 172371  18836]]",4200,25,0.7455555555555555,good,"[[102563 175751  18514]
 [100025 172392  18841]
 [100594 173444  18528]]"
119,120,0.3333333333333333,0.5,0.4,864691136584897745,2,"[[103037 175591  18434]
 [ 99978 172371  18836]]",4200,25,0.8,good,"[[102563 175751  18514]
 [100025 172392  18841]
 [100594 173444  18528]]"
120,121,0.3333333333333333,0.5,0.4,864691136584897745,2,"[[103037 175591  18434]
 [ 99978 172371  18836]]",4200,50,0.31,good,"[[102563 175751  18514]
 [100025 172392  18841]
 [100594 173444  18528]]"
121,122,0.3333333333333333,0.5,0.4,864691136584897745,2,"[[103037 175591  18434]
 [ 99978 172371  18836]]",4200,50,0.36444444444444446,good,"[[102563 175751  18514]
 [100025 172392  18841]
 [100594 173444  18528]]"
122,123,0.3333333333333333,0.5,0.4,864691136584897745,2,"[[103037 175591  18434]
 [ 99978 172371  18836]]",4200,50,0.41888888888888887,good,"[[102563 175751  18514]
 [100025 172392  18841]
 [100594 173444  18528]]"
123,124,0.3333333333333333,0.5,0.4,864691136584897745,2,"[[103037 175591  18434]
 [ 99978 172371  18836]]",4200,50,0.47333333333333333,good,"[[102563 175751  18514]
 [100025 172392  18841]
 [100594 173444  18528]]"
124,125,0.3333333333333333,0.5,0.4,864691136584897745,2,"[[103037 175591  18434]
 [ 99978 172371  18836]]",4200,50,0.5277777777777778,good,"[[102563 175751  18514]
 [100025 172392  18841]
 [100594 173444  18528]]"
125,126,0.3333333333333333,0.5,0.4,864691136584897745,2,"[[103037 175591  18434]
 [ 99978 172371  18836]]",4200,50,0.5822222222222222,good,"[[102563 175751  18514]
 [100025 172392  18841]
 [100594 173444  18528]]"
126,127,0.3333333333333333,0.5,0.4,864691136584897745,2,"[[103037 175591  18434]
 [ 99978 172371  18836]]",4200,50,0.6366666666666667,good,"[[102563 175751  18514]
 [100025 172392  18841]
 [100594 173444  18528]]"
127,128,0.3333333333333333,0.5,0.4,864691136584897745,2,"[[103037 175591  18434]
 [ 99978 172371  18836]]",4200,50,0.6911111111111111,good,"[[102563 175751  18514]
 [100025 172392  18841]
 [100594 173444  18528]]"
128,129,0.3333333333333333,0.5,0.4,864691136584897745,2,"[[103037 175591  18434]
 [ 99978 172371  18836]]",4200,50,0.7455555555555555,good,"[[102563 175751  18514]
 [100025 172392  18841]
 [100594 173444  18528]]"
129,130,0.3333333333333333,0.5,0.4,864691136584897745,2,"[[103037 175591  18434]
 [ 99978 172371  18836]]",4200,50,0.8,good,"[[102563 175751  18514]
 [100025 172392  18841]
 [100594 173444  18528]]"
130,131,0.3333333333333333,0.5,0.4,864691136584897745,2,"[[103037 175591  18434]
 [ 99978 172371  18836]]",4200,75,0.31,good,"[[102563 175751  18514]
 [100025 172392  18841]
 [100594 173444  18528]]"
131,132,0.3333333333333333,0.5,0.4,864691136584897745,2,"[[103037 175591  18434]
 [ 99978 172371  18836]]",4200,75,0.36444444444444446,good,"[[102563 175751  18514]
 [100025 172392  18841]
 [100594 173444  18528]]"
132,133,0.3333333333333333,0.5,0.4,864691136584897745,2,"[[103037 175591  18434]
 [ 99978 172371  18836]]",4200,75,0.41888888888888887,good,"[[102563 175751  18514]
 [100025 172392  18841]
 [100594 173444  18528]]"
133,134,0.3333333333333333,0.5,0.4,864691136584897745,2,"[[103037 175591  18434]
 [ 99978 172371  18836]]",4200,75,0.47333333333333333,good,"[[102563 175751  18514]
 [100025 172392  18841]
 [100594 173444  18528]]"
134,135,0.3333333333333333,0.5,0.4,864691136584897745,2,"[[103037 175591  18434]
 [ 99978 172371  18836]]",4200,75,0.5277777777777778,good,"[[102563 175751  18514]
 [100025 172392  18841]
 [100594 173444  18528]]"
135,136,0.3333333333333333,0.5,0.4,864691136584897745,2,"[[103037 175591  18434]
 [ 99978 172371  18836]]",4200,75,0.5822222222222222,good,"[[102563 175751  18514]
 [100025 172392  18841]
 [100594 173444  18528]]"
136,137,0.3333333333333333,0.5,0.4,864691136584897745,2,"[[103037 175591  18434]
 [ 99978 172371  18836]]",4200,75,0.6366666666666667,good,"[[102563 175751  18514]
 [100025 172392  18841]
 [100594 173444  18528]]"
137,138,0.3333333333333333,0.5,0.4,864691136584897745,2,"[[103037 175591  18434]
 [ 99978 172371  18836]]",4200,75,0.6911111111111111,good,"[[102563 175751  18514]
 [100025 172392  18841]
 [100594 173444  18528]]"
138,139,0.3333333333333333,0.5,0.4,864691136584897745,2,"[[103037 175591  18434]
 [ 99978 172371  18836]]",4200,75,0.7455555555555555,good,"[[102563 175751  18514]
 [100025 172392  18841]
 [100594 173444  18528]]"
139,140,0.3333333333333333,0.5,0.4,864691136584897745,2,"[[103037 175591  18434]
 [ 99978 172371  18836]]",4200,75,0.8,good,"[[102563 175751  18514]
 [100025 172392  18841]
 [100594 173444  18528]]"
140,141,0.3333333333333333,0.5,0.4,864691136584897745,2,"[[103037 175591  18434]
 [ 99978 172371  18836]]",4200,100,0.31,good,"[[102563 175751  18514]
 [100025 172392  18841]
 [100594 173444  18528]]"
141,142,0.3333333333333333,0.5,0.4,864691136584897745,2,"[[103037 175591  18434]
 [ 99978 172371  18836]]",4200,100,0.36444444444444446,good,"[[102563 175751  18514]
 [100025 172392  18841]
 [100594 173444  18528]]"
142,143,0.3333333333333333,0.5,0.4,864691136584897745,2,"[[103037 175591  18434]
 [ 99978 172371  18836]]",4200,100,0.41888888888888887,good,"[[102563 175751  18514]
 [100025 172392  18841]
 [100594 173444  18528]]"
143,144,0.3333333333333333,0.5,0.4,864691136584897745,2,"[[103037 175591  18434]
 [ 99978 172371  18836]]",4200,100,0.47333333333333333,good,"[[102563 175751  18514]
 [100025 172392  18841]
 [100594 173444  18528]]"
144,145,0.3333333333333333,0.5,0.4,864691136584897745,2,"[[103037 175591  18434]
 [ 99978 172371  18836]]",4200,100,0.5277777777777778,good,"[[102563 175751  18514]
 [100025 172392  18841]
 [100594 173444  18528]]"
145,146,0.3333333333333333,0.5,0.4,864691136584897745,2,"[[103037 175591  18434]
 [ 99978 172371  18836]]",4200,100,0.5822222222222222,good,"[[102563 175751  18514]
 [100025 172392  18841]
 [100594 173444  18528]]"
146,147,0.3333333333333333,0.5,0.4,864691136584897745,2,"[[103037 175591  18434]
 [ 99978 172371  18836]]",4200,100,0.6366666666666667,good,"[[102563 175751  18514]
 [100025 172392  18841]
 [100594 173444  18528]]"
147,148,0.3333333333333333,0.5,0.4,864691136584897745,2,"[[103037 175591  18434]
 [ 99978 172371  18836]]",4200,100,0.6911111111111111,good,"[[102563 175751  18514]
 [100025 172392  18841]
 [100594 173444  18528]]"
148,149,0.3333333333333333,0.5,0.4,864691136584897745,2,"[[103037 175591  18434]
 [ 99978 172371  18836]]",4200,100,0.7455555555555555,good,"[[102563 175751  18514]
 [100025 172392  18841]
 [100594 173444  18528]]"
149,150,0.3333333333333333,0.5,0.4,864691136584897745,2,"[[103037 175591  18434]
 [ 99978 172371  18836]]",4200,100,0.8,good,"[[102563 175751  18514]
 [100025 172392  18841]
 [100594 173444  18528]]"
150,151,0.3333333333333333,0.5,0.4,864691136584897745,2,"[[103037 175591  18434]
 [ 99978 172371  18836]]",4200,125,0.31,good,"[[102563 175751  18514]
 [100025 172392  18841]
 [100594 173444  18528]]"
151,152,0.3333333333333333,0.5,0.4,864691136584897745,2,"[[103037 175591  18434]
 [ 99978 172371  18836]]",4200,125,0.36444444444444446,good,"[[102563 175751  18514]
 [100025 172392  18841]
 [100594 173444  18528]]"
152,153,0.3333333333333333,0.5,0.4,864691136584897745,2,"[[103037 175591  18434]
 [ 99978 172371  18836]]",4200,125,0.41888888888888887,good,"[[102563 175751  18514]
 [100025 172392  18841]
 [100594 173444  18528]]"
153,154,0.3333333333333333,0.5,0.4,864691136584897745,2,"[[103037 175591  18434]
 [ 99978 172371  18836]]",4200,125,0.47333333333333333,good,"[[102563 175751  18514]
 [100025 172392  18841]
 [100594 173444  18528]]"
154,155,0.3333333333333333,0.5,0.4,864691136584897745,2,"[[103037 175591  18434]
 [ 99978 172371  18836]]",4200,125,0.5277777777777778,good,"[[102563 175751  18514]
 [100025 172392  18841]
 [100594 173444  18528]]"
155,156,0.3333333333333333,0.5,0.4,864691136584897745,2,"[[103037 175591  18434]
 [ 99978 172371  18836]]",4200,125,0.5822222222222222,good,"[[102563 175751  18514]
 [100025 172392  18841]
 [100594 173444  18528]]"
156,157,0.3333333333333333,0.5,0.4,864691136584897745,2,"[[103037 175591  18434]
 [ 99978 172371  18836]]",4200,125,0.6366666666666667,good,"[[102563 175751  18514]
 [100025 172392  18841]
 [100594 173444  18528]]"
157,158,0.3333333333333333,0.5,0.4,864691136584897745,2,"[[103037 175591  18434]
 [ 99978 172371  18836]]",4200,125,0.6911111111111111,good,"[[102563 175751  18514]
 [100025 172392  18841]
 [100594 173444  18528]]"
158,159,0.3333333333333333,0.5,0.4,864691136584897745,2,"[[103037 175591  18434]
 [ 99978 172371  18836]]",4200,125,0.7455555555555555,good,"[[102563 175751  18514]
 [100025 172392  18841]
 [100594 173444  18528]]"
159,160,0.3333333333333333,0.5,0.4,864691136584897745,2,"[[103037 175591  18434]
 [ 99978 172371  18836]]",4200,125,0.8,good,"[[102563 175751  18514]
 [100025 172392  18841]
 [100594 173444  18528]]"
160,161,0.3333333333333333,0.5,0.4,864691136584897745,2,"[[103037 175591  18434]
 [ 99978 172371  18836]]",4200,150,0.31,good,"[[102563 175751  18514]
 [100025 172392  18841]
 [100594 173444  18528]]"
161,162,0.3333333333333333,0.5,0.4,864691136584897745,2,"[[103037 175591  18434]
 [ 99978 172371  18836]]",4200,150,0.36444444444444446,good,"[[102563 175751  18514]
 [100025 172392  18841]
 [100594 173444  18528]]"
162,163,0.3333333333333333,0.5,0.4,864691136584897745,2,"[[103037 175591  18434]
 [ 99978 172371  18836]]",4200,150,0.41888888888888887,good,"[[102563 175751  18514]
 [100025 172392  18841]
 [100594 173444  18528]]"
163,164,0.3333333333333333,0.5,0.4,864691136584897745,2,"[[103037 175591  18434]
 [ 99978 172371  18836]]",4200,150,0.47333333333333333,good,"[[102563 175751  18514]
 [100025 172392  18841]
 [100594 173444  18528]]"
164,165,0.3333333333333333,0.5,0.4,864691136584897745,2,"[[103037 175591  18434]
 [ 99978 172371  18836]]",4200,150,0.5277777777777778,good,"[[102563 175751  18514]
 [100025 172392  18841]
 [100594 173444  18528]]"
165,166,0.3333333333333333,0.5,0.4,864691136584897745,2,"[[103037 175591  18434]
 [ 99978 172371  18836]]",4200,150,0.5822222222222222,good,"[[102563 175751  18514]
 [100025 172392  18841]
 [100594 173444  18528]]"
166,167,0.3333333333333333,0.5,0.4,864691136584897745,2,"[[103037 175591  18434]
 [ 99978 172371  18836]]",4200,150,0.6366666666666667,good,"[[102563 175751  18514]
 [100025 172392  18841]
 [100594 173444  18528]]"
167,168,0.3333333333333333,0.5,0.4,864691136584897745,2,"[[103037 175591  18434]
 [ 99978 172371  18836]]",4200,150,0.6911111111111111,good,"[[102563 175751  18514]
 [100025 172392  18841]
 [100594 173444  18528]]"
168,169,0.3333333333333333,0.5,0.4,864691136584897745,2,"[[103037 175591  18434]
 [ 99978 172371  18836]]",4200,150,0.7455555555555555,good,"[[102563 175751  18514]
 [100025 172392  18841]
 [100594 173444  18528]]"
169,170,0.3333333333333333,0.5,0.4,864691136584897745,2,"[[103037 175591  18434]
 [ 99978 172371  18836]]",4200,150,0.8,good,"[[102563 175751  18514]
 [100025 172392  18841]
 [100594 173444  18528]]"
170,171,0.3333333333333333,0.5,0.4,864691136584897745,2,"[[103037 175591  18434]
 [ 99978 172371  18836]]",4200,175,0.31,good,"[[102563 175751  18514]
 [100025 172392  18841]
 [100594 173444  18528]]"
171,172,0.3333333333333333,0.5,0.4,864691136584897745,2,"[[103037 175591  18434]
 [ 99978 172371  18836]]",4200,175,0.36444444444444446,good,"[[102563 175751  18514]
 [100025 172392  18841]
 [100594 173444  18528]]"
172,173,0.3333333333333333,0.5,0.4,864691136584897745,2,"[[103037 175591  18434]
 [ 99978 172371  18836]]",4200,175,0.41888888888888887,good,"[[102563 175751  18514]
 [100025 172392  18841]
 [100594 173444  18528]]"
173,174,0.3333333333333333,0.5,0.4,864691136584897745,2,"[[103037 175591  18434]
 [ 99978 172371  18836]]",4200,175,0.47333333333333333,good,"[[102563 175751  18514]
 [100025 172392  18841]
 [100594 173444  18528]]"
174,175,0.3333333333333333,0.5,0.4,864691136584897745,2,"[[103037 175591  18434]
 [ 99978 172371  18836]]",4200,175,0.5277777777777778,good,"[[102563 175751  18514]
 [100025 172392  18841]
 [100594 173444  18528]]"
175,176,0.3333333333333333,0.5,0.4,864691136584897745,2,"[[103037 175591  18434]
 [ 99978 172371  18836]]",4200,175,0.5822222222222222,good,"[[102563 175751  18514]
 [100025 172392  18841]
 [100594 173444  18528]]"
176,177,0.3333333333333333,0.5,0.4,864691136584897745,2,"[[103037 175591  18434]
 [ 99978 172371  18836]]",4200,175,0.6366666666666667,good,"[[102563 175751  18514]
 [100025 172392  18841]
 [100594 173444  18528]]"
177,178,0.3333333333333333,0.5,0.4,864691136584897745,2,"[[103037 175591  18434]
 [ 99978 172371  18836]]",4200,175,0.6911111111111111,good,"[[102563 175751  18514]
 [100025 172392  18841]
 [100594 173444  18528]]"
178,179,0.3333333333333333,0.5,0.4,864691136584897745,2,"[[103037 175591  18434]
 [ 99978 172371  18836]]",4200,175,0.7455555555555555,good,"[[102563 175751  18514]
 [100025 172392  18841]
 [100594 173444  18528]]"
179,180,0.3333333333333333,0.5,0.4,864691136584897745,2,"[[103037 175591  18434]
 [ 99978 172371  18836]]",4200,175,0.8,good,"[[102563 175751  18514]
 [100025 172392  18841]
 [100594 173444  18528]]"
180,181,0.3333333333333333,0.5,0.4,864691136584897745,2,"[[103037 175591  18434]
 [ 99978 172371  18836]]",4200,200,0.31,good,"[[102563 175751  18514]
 [100025 172392  18841]
 [100594 173444  18528]]"
181,182,0.3333333333333333,0.5,0.4,864691136584897745,2,"[[103037 175591  18434]
 [ 99978 172371  18836]]",4200,200,0.36444444444444446,good,"[[102563 175751  18514]
 [100025 172392  18841]
 [100594 173444  18528]]"
182,183,0.3333333333333333,0.5,0.4,864691136584897745,2,"[[103037 175591  18434]
 [ 99978 172371  18836]]",4200,200,0.41888888888888887,good,"[[102563 175751  18514]
 [100025 172392  18841]
 [100594 173444  18528]]"
183,184,0.3333333333333333,0.5,0.4,864691136584897745,2,"[[103037 175591  18434]
 [ 99978 172371  18836]]",4200,200,0.47333333333333333,good,"[[102563 175751  18514]
 [100025 172392  18841]
 [100594 173444  18528]]"
184,185,0.3333333333333333,0.5,0.4,864691136584897745,2,"[[103037 175591  18434]
 [ 99978 172371  18836]]",4200,200,0.5277777777777778,good,"[[102563 175751  18514]
 [100025 172392  18841]
 [100594 173444  18528]]"
185,186,0.3333333333333333,0.5,0.4,864691136584897745,2,"[[103037 175591  18434]
 [ 99978 172371  18836]]",4200,200,0.5822222222222222,good,"[[102563 175751  18514]
 [100025 172392  18841]
 [100594 173444  18528]]"
186,187,0.3333333333333333,0.5,0.4,864691136584897745,2,"[[103037 175591  18434]
 [ 99978 172371  18836]]",4200,200,0.6366666666666667,good,"[[102563 175751  18514]
 [100025 172392  18841]
 [100594 173444  18528]]"
187,188,0.3333333333333333,0.5,0.4,864691136584897745,2,"[[103037 175591  18434]
 [ 99978 172371  18836]]",4200,200,0.6911111111111111,good,"[[102563 175751  18514]
 [100025 172392  18841]
 [100594 173444  18528]]"
188,189,0.3333333333333333,0.5,0.4,864691136584897745,2,"[[103037 175591  18434]
 [ 99978 172371  18836]]",4200,200,0.7455555555555555,good,"[[102563 175751  18514]
 [100025 172392  18841]
 [100594 173444  18528]]"
189,190,0.3333333333333333,0.5,0.4,864691136584897745,2,"[[103037 175591  18434]
 [ 99978 172371  18836]]",4200,200,0.8,good,"[[102563 175751  18514]
 [100025 172392  18841]
 [100594 173444  18528]]"
190,191,0.3333333333333333,0.5,0.4,864691136584897745,2,"[[103037 175591  18434]
 [ 99978 172371  18836]]",4200,225,0.31,good,"[[102563 175751  18514]
 [100025 172392  18841]
 [100594 173444  18528]]"
191,192,0.3333333333333333,0.5,0.4,864691136584897745,2,"[[103037 175591  18434]
 [ 99978 172371  18836]]",4200,225,0.36444444444444446,good,"[[102563 175751  18514]
 [100025 172392  18841]
 [100594 173444  18528]]"
192,193,0.3333333333333333,0.5,0.4,864691136584897745,2,"[[103037 175591  18434]
 [ 99978 172371  18836]]",4200,225,0.41888888888888887,good,"[[102563 175751  18514]
 [100025 172392  18841]
 [100594 173444  18528]]"
193,194,0.3333333333333333,0.5,0.4,864691136584897745,2,"[[103037 175591  18434]
 [ 99978 172371  18836]]",4200,225,0.47333333333333333,good,"[[102563 175751  18514]
 [100025 172392  18841]
 [100594 173444  18528]]"
194,195,0.3333333333333333,0.5,0.4,864691136584897745,2,"[[103037 175591  18434]
 [ 99978 172371  18836]]",4200,225,0.5277777777777778,good,"[[102563 175751  18514]
 [100025 172392  18841]
 [100594 173444  18528]]"
195,196,0.3333333333333333,0.5,0.4,864691136584897745,2,"[[103037 175591  18434]
 [ 99978 172371  18836]]",4200,225,0.5822222222222222,good,"[[102563 175751  18514]
 [100025 172392  18841]
 [100594 173444  18528]]"
196,197,0.3333333333333333,0.5,0.4,864691136584897745,2,"[[103037 175591  18434]
 [ 99978 172371  18836]]",4200,225,0.6366666666666667,good,"[[102563 175751  18514]
 [100025 172392  18841]
 [100594 173444  18528]]"
197,198,0.3333333333333333,0.5,0.4,864691136584897745,2,"[[103037 175591  18434]
 [ 99978 172371  18836]]",4200,225,0.6911111111111111,good,"[[102563 175751  18514]
 [100025 172392  18841]
 [100594 173444  18528]]"
198,199,0.3333333333333333,0.5,0.4,864691136584897745,2,"[[103037 175591  18434]
 [ 99978 172371  18836]]",4200,225,0.7455555555555555,good,"[[102563 175751  18514]
 [100025 172392  18841]
 [100594 173444  18528]]"
199,200,0.3333333333333333,0.5,0.4,864691136584897745,2,"[[103037 175591  18434]
 [ 99978 172371  18836]]",4200,225,0.8,good,"[[102563 175751  18514]
 [100025 172392  18841]
 [100594 173444  18528]]"
200,201,0.3333333333333333,0.5,0.4,864691136584897745,2,"[[103037 175591  18434]
 [ 99978 172371  18836]]",4400,0,0.31,good,"[[102558 175749  18514]
 [100002 172383  18842]
 [100590 173439  18528]]"
201,202,0.3333333333333333,0.5,0.4,864691136584897745,2,"[[103037 175591  18434]
 [ 99978 172371  18836]]",4400,0,0.36444444444444446,good,"[[102558 175749  18514]
 [100002 172383  18842]
 [100590 173439  18528]]"
202,203,0.3333333333333333,0.5,0.4,864691136584897745,2,"[[103037 175591  18434]
 [ 99978 172371  18836]]",4400,0,0.41888888888888887,good,"[[102558 175749  18514]
 [100002 172383  18842]
 [100590 173439  18528]]"
203,204,0.3333333333333333,0.5,0.4,864691136584897745,2,"[[103037 175591  18434]
 [ 99978 172371  18836]]",4400,0,0.47333333333333333,good,"[[102558 175749  18514]
 [100002 172383  18842]
 [100590 173439  18528]]"
204,205,0.3333333333333333,0.5,0.4,864691136584897745,2,"[[103037 175591  18434]
 [ 99978 172371  18836]]",4400,0,0.5277777777777778,good,"[[102558 175749  18514]
 [100002 172383  18842]
 [100590 173439  18528]]"
205,206,0.3333333333333333,0.5,0.4,864691136584897745,2,"[[103037 175591  18434]
 [ 99978 172371  18836]]",4400,0,0.5822222222222222,good,"[[102558 175749  18514]
 [100002 172383  18842]
 [100590 173439  18528]]"
206,207,0.3333333333333333,0.5,0.4,864691136584897745,2,"[[103037 175591  18434]
 [ 99978 172371  18836]]",4400,0,0.6366666666666667,good,"[[102558 175749  18514]
 [100002 172383  18842]
 [100590 173439  18528]]"
207,208,0.3333333333333333,0.5,0.4,864691136584897745,2,"[[103037 175591  18434]
 [ 99978 172371  18836]]",4400,0,0.6911111111111111,good,"[[102558 175749  18514]
 [100002 172383  18842]
 [100590 173439  18528]]"
208,209,0.3333333333333333,0.5,0.4,864691136584897745,2,"[[103037 175591  18434]
 [ 99978 172371  18836]]",4400,0,0.7455555555555555,good,"[[102558 175749  18514]
 [100002 172383  18842]
 [100590 173439  18528]]"
209,210,0.3333333333333333,0.5,0.4,864691136584897745,2,"[[103037 175591  18434]
 [ 99978 172371  18836]]",4400,0,0.8,good,"[[102558 175749  18514]
 [100002 172383  18842]
 [100590 173439  18528]]"
210,211,0.3333333333333333,0.5,0.4,864691136584897745,2,"[[103037 175591  18434]
 [ 99978 172371  18836]]",4400,25,0.31,good,"[[102563 175751  18514]
 [100025 172392  18841]
 [100594 173444  18528]]"
211,212,0.3333333333333333,0.5,0.4,864691136584897745,2,"[[103037 175591  18434]
 [ 99978 172371  18836]]",4400,25,0.36444444444444446,good,"[[102563 175751  18514]
 [100025 172392  18841]
 [100594 173444  18528]]"
212,213,0.3333333333333333,0.5,0.4,864691136584897745,2,"[[103037 175591  18434]
 [ 99978 172371  18836]]",4400,25,0.41888888888888887,good,"[[102563 175751  18514]
 [100025 172392  18841]
 [100594 173444  18528]]"
213,214,0.3333333333333333,0.5,0.4,864691136584897745,2,"[[103037 175591  18434]
 [ 99978 172371  18836]]",4400,25,0.47333333333333333,good,"[[102563 175751  18514]
 [100025 172392  18841]
 [100594 173444  18528]]"
214,215,0.3333333333333333,0.5,0.4,864691136584897745,2,"[[103037 175591  18434]
 [ 99978 172371  18836]]",4400,25,0.5277777777777778,good,"[[102563 175751  18514]
 [100025 172392  18841]
 [100594 173444  18528]]"
215,216,0.3333333333333333,0.5,0.4,864691136584897745,2,"[[103037 175591  18434]
 [ 99978 172371  18836]]",4400,25,0.5822222222222222,good,"[[102563 175751  18514]
 [100025 172392  18841]
 [100594 173444  18528]]"
216,217,0.3333333333333333,0.5,0.4,864691136584897745,2,"[[103037 175591  18434]
 [ 99978 172371  18836]]",4400,25,0.6366666666666667,good,"[[102563 175751  18514]
 [100025 172392  18841]
 [100594 173444  18528]]"
217,218,0.3333333333333333,0.5,0.4,864691136584897745,2,"[[103037 175591  18434]
 [ 99978 172371  18836]]",4400,25,0.6911111111111111,good,"[[102563 175751  18514]
 [100025 172392  18841]
 [100594 173444  18528]]"
218,219,0.3333333333333333,0.5,0.4,864691136584897745,2,"[[103037 175591  18434]
 [ 99978 172371  18836]]",4400,25,0.7455555555555555,good,"[[102563 175751  18514]
 [100025 172392  18841]
 [100594 173444  18528]]"
219,220,0.3333333333333333,0.5,0.4,864691136584897745,2,"[[103037 175591  18434]
 [ 99978 172371  18836]]",4400,25,0.8,good,"[[102563 175751  18514]
 [100025 172392  18841]
 [100594 173444  18528]]"
220,221,0.3333333333333333,0.5,0.4,864691136584897745,2,"[[103037 175591  18434]
 [ 99978 172371  18836]]",4400,50,0.31,good,"[[102563 175751  18514]
 [100025 172392  18841]
 [100594 173444  18528]]"
221,222,0.3333333333333333,0.5,0.4,864691136584897745,2,"[[103037 175591  18434]
 [ 99978 172371  18836]]",4400,50,0.36444444444444446,good,"[[102563 175751  18514]
 [100025 172392  18841]
 [100594 173444  18528]]"
222,223,0.3333333333333333,0.5,0.4,864691136584897745,2,"[[103037 175591  18434]
 [ 99978 172371  18836]]",4400,50,0.41888888888888887,good,"[[102563 175751  18514]
 [100025 172392  18841]
 [100594 173444  18528]]"
223,224,0.3333333333333333,0.5,0.4,864691136584897745,2,"[[103037 175591  18434]
 [ 99978 172371  18836]]",4400,50,0.47333333333333333,good,"[[102563 175751  18514]
 [100025 172392  18841]
 [100594 173444  18528]]"
224,225,0.3333333333333333,0.5,0.4,864691136584897745,2,"[[103037 175591  18434]
 [ 99978 172371  18836]]",4400,50,0.5277777777777778,good,"[[102563 175751  18514]
 [100025 172392  18841]
 [100594 173444  18528]]"
225,226,0.3333333333333333,0.5,0.4,864691136584897745,2,"[[103037 175591  18434]
 [ 99978 172371  18836]]",4400,50,0.5822222222222222,good,"[[102563 175751  18514]
 [100025 172392  18841]
 [100594 173444  18528]]"
226,227,0.3333333333333333,0.5,0.4,864691136584897745,2,"[[103037 175591  18434]
 [ 99978 172371  18836]]",4400,50,0.6366666666666667,good,"[[102563 175751  18514]
 [100025 172392  18841]
 [100594 173444  18528]]"
227,228,0.3333333333333333,0.5,0.4,864691136584897745,2,"[[103037 175591  18434]
 [ 99978 172371  18836]]",4400,50,0.6911111111111111,good,"[[102563 175751  18514]
 [100025 172392  18841]
 [100594 173444  18528]]"
228,229,0.3333333333333333,0.5,0.4,864691136584897745,2,"[[103037 175591  18434]
 [ 99978 172371  18836]]",4400,50,0.7455555555555555,good,"[[102563 175751  18514]
 [100025 172392  18841]
 [100594 173444  18528]]"
229,230,0.3333333333333333,0.5,0.4,864691136584897745,2,"[[103037 175591  18434]
 [ 99978 172371  18836]]",4400,50,0.8,good,"[[102563 175751  18514]
 [100025 172392  18841]
 [100594 173444  18528]]"
230,231,0.3333333333333333,0.5,0.4,864691136584897745,2,"[[103037 175591  18434]
 [ 99978 172371  18836]]",4400,75,0.31,good,"[[102563 175751  18514]
 [100025 172392  18841]
 [100594 173444  18528]]"
231,232,0.3333333333333333,0.5,0.4,864691136584897745,2,"[[103037 175591  18434]
 [ 99978 172371  18836]]",4400,75,0.36444444444444446,good,"[[102563 175751  18514]
 [100025 172392  18841]
 [100594 173444  18528]]"
232,233,0.3333333333333333,0.5,0.4,864691136584897745,2,"[[103037 175591  18434]
 [ 99978 172371  18836]]",4400,75,0.41888888888888887,good,"[[102563 175751  18514]
 [100025 172392  18841]
 [100594 173444  18528]]"
233,234,0.3333333333333333,0.5,0.4,864691136584897745,2,"[[103037 175591  18434]
 [ 99978 172371  18836]]",4400,75,0.47333333333333333,good,"[[102563 175751  18514]
 [100025 172392  18841]
 [100594 173444  18528]]"
234,235,0.3333333333333333,0.5,0.4,864691136584897745,2,"[[103037 175591  18434]
 [ 99978 172371  18836]]",4400,75,0.5277777777777778,good,"[[102563 175751  18514]
 [100025 172392  18841]
 [100594 173444  18528]]"
235,236,0.3333333333333333,0.5,0.4,864691136584897745,2,"[[103037 175591  18434]
 [ 99978 172371  18836]]",4400,75,0.5822222222222222,good,"[[102563 175751  18514]
 [100025 172392  18841]
 [100594 173444  18528]]"
236,237,0.3333333333333333,0.5,0.4,864691136584897745,2,"[[103037 175591  18434]
 [ 99978 172371  18836]]",4400,75,0.6366666666666667,good,"[[102563 175751  18514]
 [100025 172392  18841]
 [100594 173444  18528]]"
237,238,0.3333333333333333,0.5,0.4,864691136584897745,2,"[[103037 175591  18434]
 [ 99978 172371  18836]]",4400,75,0.6911111111111111,good,"[[102563 175751  18514]
 [100025 172392  18841]
 [100594 173444  18528]]"
238,239,0.3333333333333333,0.5,0.4,864691136584897745,2,"[[103037 175591  18434]
 [ 99978 172371  18836]]",4400,75,0.7455555555555555,good,"[[102563 175751  18514]
 [100025 172392  18841]
 [100594 173444  18528]]"
239,240,0.3333333333333333,0.5,0.4,864691136584897745,2,"[[103037 175591  18434]
 [ 99978 172371  18836]]",4400,75,0.8,good,"[[102563 175751  18514]
 [100025 172392  18841]
 [100594 173444  18528]]"
240,241,0.3333333333333333,0.5,0.4,864691136584897745,2,"[[103037 175591  18434]
 [ 99978 172371  18836]]",4400,100,0.31,good,"[[102563 175751  18514]
 [100025 172392  18841]
 [100594 173444  18528]]"
241,242,0.3333333333333333,0.5,0.4,864691136584897745,2,"[[103037 175591  18434]
 [ 99978 172371  18836]]",4400,100,0.36444444444444446,good,"[[102563 175751  18514]
 [100025 172392  18841]
 [100594 173444  18528]]"
242,243,0.3333333333333333,0.5,0.4,864691136584897745,2,"[[103037 175591  18434]
 [ 99978 172371  18836]]",4400,100,0.41888888888888887,good,"[[102563 175751  18514]
 [100025 172392  18841]
 [100594 173444  18528]]"
243,244,0.3333333333333333,0.5,0.4,864691136584897745,2,"[[103037 175591  18434]
 [ 99978 172371  18836]]",4400,100,0.47333333333333333,good,"[[102563 175751  18514]
 [100025 172392  18841]
 [100594 173444  18528]]"
244,245,0.3333333333333333,0.5,0.4,864691136584897745,2,"[[103037 175591  18434]
 [ 99978 172371  18836]]",4400,100,0.5277777777777778,good,"[[102563 175751  18514]
 [100025 172392  18841]
 [100594 173444  18528]]"
245,246,0.3333333333333333,0.5,0.4,864691136584897745,2,"[[103037 175591  18434]
 [ 99978 172371  18836]]",4400,100,0.5822222222222222,good,"[[102563 175751  18514]
 [100025 172392  18841]
 [100594 173444  18528]]"
246,247,0.3333333333333333,0.5,0.4,864691136584897745,2,"[[103037 175591  18434]
 [ 99978 172371  18836]]",4400,100,0.6366666666666667,good,"[[102563 175751  18514]
 [100025 172392  18841]
 [100594 173444  18528]]"
247,248,0.3333333333333333,0.5,0.4,864691136584897745,2,"[[103037 175591  18434]
 [ 99978 172371  18836]]",4400,100,0.6911111111111111,good,"[[102563 175751  18514]
 [100025 172392  18841]
 [100594 173444  18528]]"
248,249,0.3333333333333333,0.5,0.4,864691136584897745,2,"[[103037 175591  18434]
 [ 99978 172371  18836]]",4400,100,0.7455555555555555,good,"[[102563 175751  18514]
 [100025 172392  18841]
 [100594 173444  18528]]"
249,250,0.3333333333333333,0.5,0.4,864691136584897745,2,"[[103037 175591  18434]
 [ 99978 172371  18836]]",4400,100,0.8,good,"[[102563 175751  18514]
 [100025 172392  18841]
 [100594 173444  18528]]"
250,251,0.3333333333333333,0.5,0.4,864691136584897745,2,"[[103037 175591  18434]
 [ 99978 172371  18836]]",4400,125,0.31,good,"[[102563 175751  18514]
 [100025 172392  18841]
 [100594 173444  18528]]"
251,252,0.3333333333333333,0.5,0.4,864691136584897745,2,"[[103037 175591  18434]
 [ 99978 172371  18836]]",4400,125,0.36444444444444446,good,"[[102563 175751  18514]
 [100025 172392  18841]
 [100594 173444  18528]]"
252,253,0.3333333333333333,0.5,0.4,864691136584897745,2,"[[103037 175591  18434]
 [ 99978 172371  18836]]",4400,125,0.41888888888888887,good,"[[102563 175751  18514]
 [100025 172392  18841]
 [100594 173444  18528]]"
253,254,0.3333333333333333,0.5,0.4,864691136584897745,2,"[[103037 175591  18434]
 [ 99978 172371  18836]]",4400,125,0.47333333333333333,good,"[[102563 175751  18514]
 [100025 172392  18841]
 [100594 173444  18528]]"
254,255,0.3333333333333333,0.5,0.4,864691136584897745,2,"[[103037 175591  18434]
 [ 99978 172371  18836]]",4400,125,0.5277777777777778,good,"[[102563 175751  18514]
 [100025 172392  18841]
 [100594 173444  18528]]"
255,256,0.3333333333333333,0.5,0.4,864691136584897745,2,"[[103037 175591  18434]
 [ 99978 172371  18836]]",4400,125,0.5822222222222222,good,"[[102563 175751  18514]
 [100025 172392  18841]
 [100594 173444  18528]]"
256,257,0.3333333333333333,0.5,0.4,864691136584897745,2,"[[103037 175591  18434]
 [ 99978 172371  18836]]",4400,125,0.6366666666666667,good,"[[102563 175751  18514]
 [100025 172392  18841]
 [100594 173444  18528]]"
257,258,0.3333333333333333,0.5,0.4,864691136584897745,2,"[[103037 175591  18434]
 [ 99978 172371  18836]]",4400,125,0.6911111111111111,good,"[[102563 175751  18514]
 [100025 172392  18841]
 [100594 173444  18528]]"
258,259,0.3333333333333333,0.5,0.4,864691136584897745,2,"[[103037 175591  18434]
 [ 99978 172371  18836]]",4400,125,0.7455555555555555,good,"[[102563 175751  18514]
 [100025 172392  18841]
 [100594 173444  18528]]"
259,260,0.3333333333333333,0.5,0.4,864691136584897745,2,"[[103037 175591  18434]
 [ 99978 172371  18836]]",4400,125,0.8,good,"[[102563 175751  18514]
 [100025 172392  18841]
 [100594 173444  18528]]"
260,261,0.3333333333333333,0.5,0.4,864691136584897745,2,"[[103037 175591  18434]
 [ 99978 172371  18836]]",4400,150,0.31,good,"[[102563 175751  18514]
 [100025 172392  18841]
 [100594 173444  18528]]"
261,262,0.3333333333333333,0.5,0.4,864691136584897745,2,"[[103037 175591  18434]
 [ 99978 172371  18836]]",4400,150,0.36444444444444446,good,"[[102563 175751  18514]
 [100025 172392  18841]
 [100594 173444  18528]]"
262,263,0.3333333333333333,0.5,0.4,864691136584897745,2,"[[103037 175591  18434]
 [ 99978 172371  18836]]",4400,150,0.41888888888888887,good,"[[102563 175751  18514]
 [100025 172392  18841]
 [100594 173444  18528]]"
263,264,0.3333333333333333,0.5,0.4,864691136584897745,2,"[[103037 175591  18434]
 [ 99978 172371  18836]]",4400,150,0.47333333333333333,good,"[[102563 175751  18514]
 [100025 172392  18841]
 [100594 173444  18528]]"
264,265,0.3333333333333333,0.5,0.4,864691136584897745,2,"[[103037 175591  18434]
 [ 99978 172371  18836]]",4400,150,0.5277777777777778,good,"[[102563 175751  18514]
 [100025 172392  18841]
 [100594 173444  18528]]"
265,266,0.3333333333333333,0.5,0.4,864691136584897745,2,"[[103037 175591  18434]
 [ 99978 172371  18836]]",4400,150,0.5822222222222222,good,"[[102563 175751  18514]
 [100025 172392  18841]
 [100594 173444  18528]]"
266,267,0.3333333333333333,0.5,0.4,864691136584897745,2,"[[103037 175591  18434]
 [ 99978 172371  18836]]",4400,150,0.6366666666666667,good,"[[102563 175751  18514]
 [100025 172392  18841]
 [100594 173444  18528]]"
267,268,0.3333333333333333,0.5,0.4,864691136584897745,2,"[[103037 175591  18434]
 [ 99978 172371  18836]]",4400,150,0.6911111111111111,good,"[[102563 175751  18514]
 [100025 172392  18841]
 [100594 173444  18528]]"
268,269,0.3333333333333333,0.5,0.4,864691136584897745,2,"[[103037 175591  18434]
 [ 99978 172371  18836]]",4400,150,0.7455555555555555,good,"[[102563 175751  18514]
 [100025 172392  18841]
 [100594 173444  18528]]"
269,270,0.3333333333333333,0.5,0.4,864691136584897745,2,"[[103037 175591  18434]
 [ 99978 172371  18836]]",4400,150,0.8,good,"[[102563 175751  18514]
 [100025 172392  18841]
 [100594 173444  18528]]"
270,271,0.3333333333333333,0.5,0.4,864691136584897745,2,"[[103037 175591  18434]
 [ 99978 172371  18836]]",4400,175,0.31,good,"[[102563 175751  18514]
 [100025 172392  18841]
 [100594 173444  18528]]"
271,272,0.3333333333333333,0.5,0.4,864691136584897745,2,"[[103037 175591  18434]
 [ 99978 172371  18836]]",4400,175,0.36444444444444446,good,"[[102563 175751  18514]
 [100025 172392  18841]
 [100594 173444  18528]]"
272,273,0.3333333333333333,0.5,0.4,864691136584897745,2,"[[103037 175591  18434]
 [ 99978 172371  18836]]",4400,175,0.41888888888888887,good,"[[102563 175751  18514]
 [100025 172392  18841]
 [100594 173444  18528]]"
273,274,0.3333333333333333,0.5,0.4,864691136584897745,2,"[[103037 175591  18434]
 [ 99978 172371  18836]]",4400,175,0.47333333333333333,good,"[[102563 175751  18514]
 [100025 172392  18841]
 [100594 173444  18528]]"
274,275,0.3333333333333333,0.5,0.4,864691136584897745,2,"[[103037 175591  18434]
 [ 99978 172371  18836]]",4400,175,0.5277777777777778,good,"[[102563 175751  18514]
 [100025 172392  18841]
 [100594 173444  18528]]"
275,276,0.3333333333333333,0.5,0.4,864691136584897745,2,"[[103037 175591  18434]
 [ 99978 172371  18836]]",4400,175,0.5822222222222222,good,"[[102563 175751  18514]
 [100025 172392  18841]
 [100594 173444  18528]]"
276,277,0.3333333333333333,0.5,0.4,864691136584897745,2,"[[103037 175591  18434]
 [ 99978 172371  18836]]",4400,175,0.6366666666666667,good,"[[102563 175751  18514]
 [100025 172392  18841]
 [100594 173444  18528]]"
277,278,0.3333333333333333,0.5,0.4,864691136584897745,2,"[[103037 175591  18434]
 [ 99978 172371  18836]]",4400,175,0.6911111111111111,good,"[[102563 175751  18514]
 [100025 172392  18841]
 [100594 173444  18528]]"
278,279,0.3333333333333333,0.5,0.4,864691136584897745,2,"[[103037 175591  18434]
 [ 99978 172371  18836]]",4400,175,0.7455555555555555,good,"[[102563 175751  18514]
 [100025 172392  18841]
 [100594 173444  18528]]"
279,280,0.3333333333333333,0.5,0.4,864691136584897745,2,"[[103037 175591  18434]
 [ 99978 172371  18836]]",4400,175,0.8,good,"[[102563 175751  18514]
 [100025 172392  18841]
 [100594 173444  18528]]"
280,281,0.3333333333333333,0.5,0.4,864691136584897745,2,"[[103037 175591  18434]
 [ 99978 172371  18836]]",4400,200,0.31,good,"[[102563 175751  18514]
 [100025 172392  18841]
 [100594 173444  18528]]"
281,282,0.3333333333333333,0.5,0.4,864691136584897745,2,"[[103037 175591  18434]
 [ 99978 172371  18836]]",4400,200,0.36444444444444446,good,"[[102563 175751  18514]
 [100025 172392  18841]
 [100594 173444  18528]]"
282,283,0.3333333333333333,0.5,0.4,864691136584897745,2,"[[103037 175591  18434]
 [ 99978 172371  18836]]",4400,200,0.41888888888888887,good,"[[102563 175751  18514]
 [100025 172392  18841]
 [100594 173444  18528]]"
283,284,0.3333333333333333,0.5,0.4,864691136584897745,2,"[[103037 175591  18434]
 [ 99978 172371  18836]]",4400,200,0.47333333333333333,good,"[[102563 175751  18514]
 [100025 172392  18841]
 [100594 173444  18528]]"
284,285,0.3333333333333333,0.5,0.4,864691136584897745,2,"[[103037 175591  18434]
 [ 99978 172371  18836]]",4400,200,0.5277777777777778,good,"[[102563 175751  18514]
 [100025 172392  18841]
 [100594 173444  18528]]"
285,286,0.3333333333333333,0.5,0.4,864691136584897745,2,"[[103037 175591  18434]
 [ 99978 172371  18836]]",4400,200,0.5822222222222222,good,"[[102563 175751  18514]
 [100025 172392  18841]
 [100594 173444  18528]]"
286,287,0.3333333333333333,0.5,0.4,864691136584897745,2,"[[103037 175591  18434]
 [ 99978 172371  18836]]",4400,200,0.6366666666666667,good,"[[102563 175751  18514]
 [100025 172392  18841]
 [100594 173444  18528]]"
287,288,0.3333333333333333,0.5,0.4,864691136584897745,2,"[[103037 175591  18434]
 [ 99978 172371  18836]]",4400,200,0.6911111111111111,good,"[[102563 175751  18514]
 [100025 172392  18841]
 [100594 173444  18528]]"
288,289,0.3333333333333333,0.5,0.4,864691136584897745,2,"[[103037 175591  18434]
 [ 99978 172371  18836]]",4400,200,0.7455555555555555,good,"[[102563 175751  18514]
 [100025 172392  18841]
 [100594 173444  18528]]"
289,290,0.3333333333333333,0.5,0.4,864691136584897745,2,"[[103037 175591  18434]
 [ 99978 172371  18836]]",4400,200,0.8,good,"[[102563 175751  18514]
 [100025 172392  18841]
 [100594 173444  18528]]"
290,291,0.3333333333333333,0.5,0.4,864691136584897745,2,"[[103037 175591  18434]
 [ 99978 172371  18836]]",4400,225,0.31,good,"[[102563 175751  18514]
 [100025 172392  18841]
 [100594 173444  18528]]"
291,292,0.3333333333333333,0.5,0.4,864691136584897745,2,"[[103037 175591  18434]
 [ 99978 172371  18836]]",4400,225,0.36444444444444446,good,"[[102563 175751  18514]
 [100025 172392  18841]
 [100594 173444  18528]]"
292,293,0.3333333333333333,0.5,0.4,864691136584897745,2,"[[103037 175591  18434]
 [ 99978 172371  18836]]",4400,225,0.41888888888888887,good,"[[102563 175751  18514]
 [100025 172392  18841]
 [100594 173444  18528]]"
293,294,0.3333333333333333,0.5,0.4,864691136584897745,2,"[[103037 175591  18434]
 [ 99978 172371  18836]]",4400,225,0.47333333333333333,good,"[[102563 175751  18514]
 [100025 172392  18841]
 [100594 173444  18528]]"
294,295,0.3333333333333333,0.5,0.4,864691136584897745,2,"[[103037 175591  18434]
 [ 99978 172371  18836]]",4400,225,0.5277777777777778,good,"[[102563 175751  18514]
 [100025 172392  18841]
 [100594 173444  18528]]"
295,296,0.3333333333333333,0.5,0.4,864691136584897745,2,"[[103037 175591  18434]
 [ 99978 172371  18836]]",4400,225,0.5822222222222222,good,"[[102563 175751  18514]
 [100025 172392  18841]
 [100594 173444  18528]]"
296,297,0.3333333333333333,0.5,0.4,864691136584897745,2,"[[103037 175591  18434]
 [ 99978 172371  18836]]",4400,225,0.6366666666666667,good,"[[102563 175751  18514]
 [100025 172392  18841]
 [100594 173444  18528]]"
297,298,0.3333333333333333,0.5,0.4,864691136584897745,2,"[[103037 175591  18434]
 [ 99978 172371  18836]]",4400,225,0.6911111111111111,good,"[[102563 175751  18514]
 [100025 172392  18841]
 [100594 173444  18528]]"
298,299,0.3333333333333333,0.5,0.4,864691136584897745,2,"[[103037 175591  18434]
 [ 99978 172371  18836]]",4400,225,0.7455555555555555,good,"[[102563 175751  18514]
 [100025 172392  18841]
 [100594 173444  18528]]"
299,300,0.3333333333333333,0.5,0.4,864691136584897745,2,"[[103037 175591  18434]
 [ 99978 172371  18836]]",4400,225,0.8,good,"[[102563 175751  18514]
 [100025 172392  18841]
 [100594 173444  18528]]"
