,run,precision,recall,f1,seg_id,num_endpoints,endpoints,invalidation_d,num_laplacian_iters,decimation_factor,comments,proposed_endpoints
0,1,1.0,1.0,1.0,864691135489218668,3,"[[127745 180987  21829]
 [127799 168227  22142]
 [145826 168883  22019]]",5600,20,0.31,good,"[[127624 180939  21828]
 [127869 168297  22143]
 [145852 168936  22017]]"
1,2,1.0,1.0,1.0,864691135489218668,3,"[[127745 180987  21829]
 [127799 168227  22142]
 [145826 168883  22019]]",5600,20,0.36444444444444400,good,"[[127624 180939  21828]
 [127869 168297  22143]
 [145852 168936  22017]]"
2,3,1.0,1.0,1.0,864691135489218668,3,"[[127745 180987  21829]
 [127799 168227  22142]
 [145826 168883  22019]]",5600,20,0.41888888888888900,good,"[[127624 180939  21828]
 [127864 168294  22143]
 [145852 168936  22017]]"
3,4,1.0,1.0,1.0,864691135489218668,3,"[[127745 180987  21829]
 [127799 168227  22142]
 [145826 168883  22019]]",5600,20,0.47333333333333300,good,"[[127624 180939  21828]
 [127864 168294  22143]
 [145837 168946  22018]]"
4,5,1.0,1.0,1.0,864691135489218668,3,"[[127745 180987  21829]
 [127799 168227  22142]
 [145826 168883  22019]]",5600,20,0.5277777777777780,good,"[[127625 180939  21828]
 [127864 168294  22143]
 [145837 168946  22018]]"
5,6,1.0,1.0,1.0,864691135489218668,3,"[[127745 180987  21829]
 [127799 168227  22142]
 [145826 168883  22019]]",5600,20,0.5822222222222220,good,"[[127625 180939  21828]
 [127837 168509  22170]
 [145837 168946  22018]]"
6,7,1.0,1.0,1.0,864691135489218668,3,"[[127745 180987  21829]
 [127799 168227  22142]
 [145826 168883  22019]]",5600,20,0.6366666666666670,good,"[[127624 180939  21828]
 [127837 168508  22170]
 [145837 168946  22018]]"
7,8,1.0,1.0,1.0,864691135489218668,3,"[[127745 180987  21829]
 [127799 168227  22142]
 [145826 168883  22019]]",5600,20,0.6911111111111110,good,"[[127624 180939  21828]
 [127837 168508  22170]
 [145839 168945  22018]]"
8,9,1.0,1.0,1.0,864691135489218668,3,"[[127745 180987  21829]
 [127799 168227  22142]
 [145826 168883  22019]]",5600,20,0.7455555555555560,good,"[[127627 180942  21828]
 [127837 168508  22170]
 [145839 168945  22018]]"
9,10,1.0,1.0,1.0,864691135489218668,3,"[[127745 180987  21829]
 [127799 168227  22142]
 [145826 168883  22019]]",5600,20,0.8,good,"[[127627 180942  21828]
 [127834 168510  22169]
 [145844 168940  22017]]"
10,11,1.0,1.0,1.0,864691135489218668,3,"[[127745 180987  21829]
 [127799 168227  22142]
 [145826 168883  22019]]",5600,30,0.31,good,"[[127625 180939  21828]
 [127873 168297  22143]
 [145835 168945  22018]]"
11,12,1.0,1.0,1.0,864691135489218668,3,"[[127745 180987  21829]
 [127799 168227  22142]
 [145826 168883  22019]]",5600,30,0.36444444444444400,good,"[[127625 180939  21828]
 [127873 168297  22143]
 [145835 168945  22018]]"
12,13,1.0,1.0,1.0,864691135489218668,3,"[[127745 180987  21829]
 [127799 168227  22142]
 [145826 168883  22019]]",5600,30,0.41888888888888900,good,"[[127625 180939  21828]
 [127873 168297  22143]
 [145836 168946  22018]]"
13,14,1.0,1.0,1.0,864691135489218668,3,"[[127745 180987  21829]
 [127799 168227  22142]
 [145826 168883  22019]]",5600,30,0.47333333333333300,good,"[[127625 180939  21828]
 [127873 168297  22143]
 [145836 168946  22018]]"
14,15,1.0,1.0,1.0,864691135489218668,3,"[[127745 180987  21829]
 [127799 168227  22142]
 [145826 168883  22019]]",5600,30,0.5277777777777780,good,"[[127625 180939  21828]
 [127857 168289  22143]
 [145836 168946  22018]]"
15,16,1.0,1.0,1.0,864691135489218668,3,"[[127745 180987  21829]
 [127799 168227  22142]
 [145826 168883  22019]]",5600,30,0.5822222222222220,good,"[[127625 180939  21828]
 [127857 168289  22143]
 [145836 168946  22018]]"
16,17,1.0,1.0,1.0,864691135489218668,3,"[[127745 180987  21829]
 [127799 168227  22142]
 [145826 168883  22019]]",5600,30,0.6366666666666670,good,"[[127627 180940  21828]
 [127857 168289  22143]
 [145838 168945  22018]]"
17,18,1.0,1.0,1.0,864691135489218668,3,"[[127745 180987  21829]
 [127799 168227  22142]
 [145826 168883  22019]]",5600,30,0.6911111111111110,good,"[[127627 180940  21828]
 [127836 168509  22170]
 [145838 168945  22018]]"
18,19,1.0,1.0,1.0,864691135489218668,3,"[[127745 180987  21829]
 [127799 168227  22142]
 [145826 168883  22019]]",5600,30,0.7455555555555560,good,"[[127627 180940  21828]
 [127836 168509  22170]
 [145833 168943  22017]]"
19,20,1.0,1.0,1.0,864691135489218668,3,"[[127745 180987  21829]
 [127799 168227  22142]
 [145826 168883  22019]]",5600,30,0.8,good,"[[127628 180941  21828]
 [127836 168509  22170]
 [145838 168945  22018]]"
20,21,1.0,1.0,1.0,864691135489218668,3,"[[127745 180987  21829]
 [127799 168227  22142]
 [145826 168883  22019]]",5600,40,0.31,good,"[[127626 180937  21828]
 [127874 168297  22143]
 [145722 168673  22031]]"
21,22,1.0,1.0,1.0,864691135489218668,3,"[[127745 180987  21829]
 [127799 168227  22142]
 [145826 168883  22019]]",5600,40,0.36444444444444400,good,"[[127626 180937  21828]
 [127874 168297  22143]
 [145835 168946  22018]]"
22,23,1.0,1.0,1.0,864691135489218668,3,"[[127745 180987  21829]
 [127799 168227  22142]
 [145826 168883  22019]]",5600,40,0.41888888888888900,good,"[[127626 180938  21828]
 [127874 168297  22143]
 [145835 168946  22018]]"
23,24,1.0,1.0,1.0,864691135489218668,3,"[[127745 180987  21829]
 [127799 168227  22142]
 [145826 168883  22019]]",5600,40,0.47333333333333300,good,"[[127626 180938  21828]
 [127874 168297  22143]
 [145835 168946  22018]]"
24,25,1.0,1.0,1.0,864691135489218668,3,"[[127745 180987  21829]
 [127799 168227  22142]
 [145826 168883  22019]]",5600,40,0.5277777777777780,good,"[[127626 180938  21828]
 [127874 168297  22143]
 [145835 168946  22018]]"
25,26,1.0,1.0,1.0,864691135489218668,3,"[[127745 180987  21829]
 [127799 168227  22142]
 [145826 168883  22019]]",5600,40,0.5822222222222220,good,"[[127626 180938  21828]
 [127857 168289  22143]
 [145837 168945  22018]]"
26,27,1.0,1.0,1.0,864691135489218668,3,"[[127745 180987  21829]
 [127799 168227  22142]
 [145826 168883  22019]]",5600,40,0.6366666666666670,good,"[[127626 180938  21828]
 [127857 168289  22143]
 [145837 168945  22018]]"
27,28,1.0,1.0,1.0,864691135489218668,3,"[[127745 180987  21829]
 [127799 168227  22142]
 [145826 168883  22019]]",5600,40,0.6911111111111110,good,"[[127628 180940  21828]
 [127835 168509  22170]
 [145832 168943  22017]]"
28,29,1.0,1.0,1.0,864691135489218668,3,"[[127745 180987  21829]
 [127799 168227  22142]
 [145826 168883  22019]]",5600,40,0.7455555555555560,good,"[[127628 180940  21828]
 [127836 168509  22170]
 [145832 168943  22017]]"
29,30,1.0,1.0,1.0,864691135489218668,3,"[[127745 180987  21829]
 [127799 168227  22142]
 [145826 168883  22019]]",5600,40,0.8,good,"[[127628 180940  21828]
 [127836 168509  22170]
 [145837 168945  22018]]"
30,31,1.0,1.0,1.0,864691135489218668,3,"[[127745 180987  21829]
 [127799 168227  22142]
 [145826 168883  22019]]",5600,50,0.31,good,"[[127626 180937  21828]
 [127875 168295  22143]
 [145725 168677  22031]]"
31,32,1.0,1.0,1.0,864691135489218668,3,"[[127745 180987  21829]
 [127799 168227  22142]
 [145826 168883  22019]]",5600,50,0.36444444444444400,good,"[[127626 180937  21828]
 [127875 168297  22143]
 [145834 168947  22018]]"
32,33,1.0,1.0,1.0,864691135489218668,3,"[[127745 180987  21829]
 [127799 168227  22142]
 [145826 168883  22019]]",5600,50,0.41888888888888900,good,"[[127627 180938  21828]
 [127875 168297  22143]
 [145834 168947  22018]]"
33,34,1.0,1.0,1.0,864691135489218668,3,"[[127745 180987  21829]
 [127799 168227  22142]
 [145826 168883  22019]]",5600,50,0.47333333333333300,good,"[[127627 180938  21828]
 [127875 168297  22143]
 [145834 168947  22018]]"
34,35,1.0,1.0,1.0,864691135489218668,3,"[[127745 180987  21829]
 [127799 168227  22142]
 [145826 168883  22019]]",5600,50,0.5277777777777780,good,"[[127627 180938  21828]
 [127875 168297  22143]
 [145834 168947  22018]]"
35,36,1.0,1.0,1.0,864691135489218668,3,"[[127745 180987  21829]
 [127799 168227  22142]
 [145826 168883  22019]]",5600,50,0.5822222222222220,good,"[[127627 180938  21828]
 [127875 168297  22143]
 [145837 168945  22018]]"
36,37,1.0,1.0,1.0,864691135489218668,3,"[[127745 180987  21829]
 [127799 168227  22142]
 [145826 168883  22019]]",5600,50,0.6366666666666670,good,"[[127626 180938  21828]
 [127875 168297  22143]
 [145829 168947  22018]]"
37,38,1.0,1.0,1.0,864691135489218668,3,"[[127745 180987  21829]
 [127799 168227  22142]
 [145826 168883  22019]]",5600,50,0.6911111111111110,good,"[[127626 180938  21828]
 [127857 168288  22143]
 [145837 168945  22018]]"
38,39,1.0,1.0,1.0,864691135489218668,3,"[[127745 180987  21829]
 [127799 168227  22142]
 [145826 168883  22019]]",5600,50,0.7455555555555560,good,"[[127626 180938  21828]
 [127835 168508  22169]
 [145837 168945  22018]]"
39,40,1.0,1.0,1.0,864691135489218668,3,"[[127745 180987  21829]
 [127799 168227  22142]
 [145826 168883  22019]]",5600,50,0.8,good,"[[127630 180940  21828]
 [127835 168509  22170]
 [145837 168945  22018]]"
40,41,1.0,1.0,1.0,864691135489218668,3,"[[127745 180987  21829]
 [127799 168227  22142]
 [145826 168883  22019]]",5600,60,0.31,good,"[[127626 180937  21828]
 [127851 168285  22143]
 [145725 168677  22031]]"
41,42,1.0,1.0,1.0,864691135489218668,3,"[[127745 180987  21829]
 [127799 168227  22142]
 [145826 168883  22019]]",5600,60,0.36444444444444400,good,"[[127626 180937  21828]
 [127851 168285  22143]
 [145834 168947  22018]]"
42,43,1.0,1.0,1.0,864691135489218668,3,"[[127745 180987  21829]
 [127799 168227  22142]
 [145826 168883  22019]]",5600,60,0.41888888888888900,good,"[[127627 180937  21828]
 [127851 168285  22143]
 [145834 168947  22018]]"
43,44,1.0,1.0,1.0,864691135489218668,3,"[[127745 180987  21829]
 [127799 168227  22142]
 [145826 168883  22019]]",5600,60,0.47333333333333300,good,"[[127627 180937  21828]
 [127875 168297  22143]
 [145834 168947  22018]]"
44,45,1.0,1.0,1.0,864691135489218668,3,"[[127745 180987  21829]
 [127799 168227  22142]
 [145826 168883  22019]]",5600,60,0.5277777777777780,good,"[[127627 180937  21828]
 [127875 168297  22143]
 [145836 168945  22018]]"
45,46,1.0,1.0,1.0,864691135489218668,3,"[[127745 180987  21829]
 [127799 168227  22142]
 [145826 168883  22019]]",5600,60,0.5822222222222220,good,"[[127627 180937  21828]
 [127875 168297  22143]
 [145836 168945  22018]]"
46,47,1.0,1.0,1.0,864691135489218668,3,"[[127745 180987  21829]
 [127799 168227  22142]
 [145826 168883  22019]]",5600,60,0.6366666666666670,good,"[[127627 180937  21828]
 [127873 168296  22143]
 [145836 168945  22018]]"
47,48,1.0,1.0,1.0,864691135489218668,3,"[[127745 180987  21829]
 [127799 168227  22142]
 [145826 168883  22019]]",5600,60,0.6911111111111110,good,"[[127627 180937  21828]
 [127870 168294  22143]
 [145836 168945  22018]]"
48,49,1.0,1.0,1.0,864691135489218668,3,"[[127745 180987  21829]
 [127799 168227  22142]
 [145826 168883  22019]]",5600,60,0.7455555555555560,good,"[[127627 180937  21828]
 [127834 168508  22169]
 [145836 168945  22018]]"
49,50,1.0,1.0,1.0,864691135489218668,3,"[[127745 180987  21829]
 [127799 168227  22142]
 [145826 168883  22019]]",5600,60,0.8,good,"[[127631 180940  21828]
 [127834 168508  22169]
 [145836 168945  22018]]"
50,51,1.0,1.0,1.0,864691135489218668,3,"[[127745 180987  21829]
 [127799 168227  22142]
 [145826 168883  22019]]",5600,70,0.31,good,"[[127628 180937  21828]
 [127851 168285  22143]
 [145725 168677  22031]]"
51,52,1.0,1.0,1.0,864691135489218668,3,"[[127745 180987  21829]
 [127799 168227  22142]
 [145826 168883  22019]]",5600,70,0.36444444444444400,good,"[[127628 180937  21828]
 [127851 168285  22143]
 [145725 168677  22031]]"
52,53,1.0,1.0,1.0,864691135489218668,3,"[[127745 180987  21829]
 [127799 168227  22142]
 [145826 168883  22019]]",5600,70,0.41888888888888900,good,"[[127628 180937  21828]
 [127851 168285  22143]
 [145833 168947  22018]]"
53,54,1.0,1.0,1.0,864691135489218668,3,"[[127745 180987  21829]
 [127799 168227  22142]
 [145826 168883  22019]]",5600,70,0.47333333333333300,good,"[[127628 180937  21828]
 [127875 168297  22143]
 [145833 168947  22018]]"
54,55,1.0,1.0,1.0,864691135489218668,3,"[[127745 180987  21829]
 [127799 168227  22142]
 [145826 168883  22019]]",5600,70,0.5277777777777780,good,"[[127628 180937  21828]
 [127875 168297  22143]
 [145836 168945  22018]]"
55,56,1.0,1.0,1.0,864691135489218668,3,"[[127745 180987  21829]
 [127799 168227  22142]
 [145826 168883  22019]]",5600,70,0.5822222222222220,good,"[[127628 180937  21828]
 [127875 168297  22143]
 [145836 168945  22018]]"
56,57,1.0,1.0,1.0,864691135489218668,3,"[[127745 180987  21829]
 [127799 168227  22142]
 [145826 168883  22019]]",5600,70,0.6366666666666670,good,"[[127627 180937  21828]
 [127875 168297  22143]
 [145836 168945  22018]]"
57,58,1.0,1.0,1.0,864691135489218668,3,"[[127745 180987  21829]
 [127799 168227  22142]
 [145826 168883  22019]]",5600,70,0.6911111111111110,good,"[[127627 180937  21828]
 [127874 168296  22143]
 [145836 168945  22018]]"
58,59,1.0,1.0,1.0,864691135489218668,3,"[[127745 180987  21829]
 [127799 168227  22142]
 [145826 168883  22019]]",5600,70,0.7455555555555560,good,"[[127627 180937  21828]
 [127870 168294  22143]
 [145836 168945  22018]]"
59,60,1.0,1.0,1.0,864691135489218668,3,"[[127745 180987  21829]
 [127799 168227  22142]
 [145826 168883  22019]]",5600,70,0.8,good,"[[127631 180939  21828]
 [127834 168508  22169]
 [145836 168945  22018]]"
60,61,1.0,1.0,1.0,864691135489218668,3,"[[127745 180987  21829]
 [127799 168227  22142]
 [145826 168883  22019]]",5600,80,0.31,good,"[[127628 180937  21828]
 [127901 168305  22142]
 [145725 168677  22031]]"
61,62,1.0,1.0,1.0,864691135489218668,3,"[[127745 180987  21829]
 [127799 168227  22142]
 [145826 168883  22019]]",5600,80,0.36444444444444400,good,"[[127628 180937  21828]
 [127856 168288  22143]
 [145725 168677  22031]]"
62,63,1.0,1.0,1.0,864691135489218668,3,"[[127745 180987  21829]
 [127799 168227  22142]
 [145826 168883  22019]]",5600,80,0.41888888888888900,good,"[[127628 180937  21828]
 [127877 168297  22143]
 [145833 168947  22018]]"
63,64,1.0,1.0,1.0,864691135489218668,3,"[[127745 180987  21829]
 [127799 168227  22142]
 [145826 168883  22019]]",5600,80,0.47333333333333300,good,"[[127628 180937  21828]
 [127877 168297  22143]
 [145833 168947  22018]]"
64,65,1.0,1.0,1.0,864691135489218668,3,"[[127745 180987  21829]
 [127799 168227  22142]
 [145826 168883  22019]]",5600,80,0.5277777777777780,good,"[[127628 180937  21828]
 [127877 168298  22143]
 [145836 168944  22018]]"
65,66,1.0,1.0,1.0,864691135489218668,3,"[[127745 180987  21829]
 [127799 168227  22142]
 [145826 168883  22019]]",5600,80,0.5822222222222220,good,"[[127628 180937  21828]
 [127877 168298  22143]
 [145836 168944  22018]]"
66,67,1.0,1.0,1.0,864691135489218668,3,"[[127745 180987  21829]
 [127799 168227  22142]
 [145826 168883  22019]]",5600,80,0.6366666666666670,good,"[[127628 180937  21828]
 [127877 168298  22143]
 [145828 168947  22018]]"
67,68,1.0,1.0,1.0,864691135489218668,3,"[[127745 180987  21829]
 [127799 168227  22142]
 [145826 168883  22019]]",5600,80,0.6911111111111110,good,"[[127628 180937  21828]
 [127877 168298  22143]
 [145836 168944  22018]]"
68,69,1.0,1.0,1.0,864691135489218668,3,"[[127745 180987  21829]
 [127799 168227  22142]
 [145826 168883  22019]]",5600,80,0.7455555555555560,good,"[[127628 180937  21828]
 [127877 168298  22143]
 [145836 168944  22018]]"
69,70,1.0,1.0,1.0,864691135489218668,3,"[[127745 180987  21829]
 [127799 168227  22142]
 [145826 168883  22019]]",5600,80,0.8,good,"[[127632 180939  21828]
 [127834 168508  22169]
 [145836 168944  22018]]"
70,71,1.0,1.0,1.0,864691135489218668,3,"[[127745 180987  21829]
 [127799 168227  22142]
 [145826 168883  22019]]",5600,90,0.31,good,"[[127628 180936  21828]
 [127890 168303  22143]
 [145726 168677  22031]]"
71,72,1.0,1.0,1.0,864691135489218668,3,"[[127745 180987  21829]
 [127799 168227  22142]
 [145826 168883  22019]]",5600,90,0.36444444444444400,good,"[[127628 180936  21828]
 [127877 168297  22143]
 [145726 168677  22031]]"
72,73,1.0,1.0,1.0,864691135489218668,3,"[[127745 180987  21829]
 [127799 168227  22142]
 [145826 168883  22019]]",5600,90,0.41888888888888900,good,"[[127629 180936  21828]
 [127877 168297  22143]
 [145832 168947  22018]]"
73,74,1.0,1.0,1.0,864691135489218668,3,"[[127745 180987  21829]
 [127799 168227  22142]
 [145826 168883  22019]]",5600,90,0.47333333333333300,good,"[[127629 180936  21828]
 [127877 168297  22143]
 [145832 168947  22018]]"
74,75,1.0,1.0,1.0,864691135489218668,3,"[[127745 180987  21829]
 [127799 168227  22142]
 [145826 168883  22019]]",5600,90,0.5277777777777780,good,"[[127629 180936  21828]
 [127877 168297  22143]
 [145835 168944  22018]]"
75,76,1.0,1.0,1.0,864691135489218668,3,"[[127745 180987  21829]
 [127799 168227  22142]
 [145826 168883  22019]]",5600,90,0.5822222222222220,good,"[[127629 180936  21828]
 [127877 168297  22143]
 [145827 168947  22018]]"
76,77,1.0,1.0,1.0,864691135489218668,3,"[[127745 180987  21829]
 [127799 168227  22142]
 [145826 168883  22019]]",5600,90,0.6366666666666670,good,"[[127628 180936  21828]
 [127877 168297  22143]
 [145827 168947  22018]]"
77,78,1.0,1.0,1.0,864691135489218668,3,"[[127745 180987  21829]
 [127799 168227  22142]
 [145826 168883  22019]]",5600,90,0.6911111111111110,good,"[[127628 180936  21828]
 [127877 168297  22143]
 [145835 168944  22018]]"
78,79,1.0,1.0,1.0,864691135489218668,3,"[[127745 180987  21829]
 [127799 168227  22142]
 [145826 168883  22019]]",5600,90,0.7455555555555560,good,"[[127628 180936  21828]
 [127877 168297  22143]
 [145835 168944  22018]]"
79,80,1.0,1.0,1.0,864691135489218668,3,"[[127745 180987  21829]
 [127799 168227  22142]
 [145826 168883  22019]]",5600,90,0.8,good,"[[127632 180938  21828]
 [127834 168507  22169]
 [145835 168944  22018]]"
80,81,1.0,1.0,1.0,864691135489218668,3,"[[127745 180987  21829]
 [127799 168227  22142]
 [145826 168883  22019]]",5600,100,0.31,good,"[[127629 180935  21828]
 [127903 168308  22142]
 [145726 168677  22031]]"
81,82,1.0,1.0,1.0,864691135489218668,3,"[[127745 180987  21829]
 [127799 168227  22142]
 [145826 168883  22019]]",5600,100,0.36444444444444400,good,"[[127629 180935  21828]
 [127878 168298  22143]
 [145726 168677  22031]]"
82,83,1.0,1.0,1.0,864691135489218668,3,"[[127745 180987  21829]
 [127799 168227  22142]
 [145826 168883  22019]]",5600,100,0.41888888888888900,good,"[[127629 180936  21828]
 [127878 168298  22143]
 [145832 168947  22018]]"
83,84,1.0,1.0,1.0,864691135489218668,3,"[[127745 180987  21829]
 [127799 168227  22142]
 [145826 168883  22019]]",5600,100,0.47333333333333300,good,"[[127629 180936  21828]
 [127878 168298  22143]
 [145832 168947  22018]]"
84,85,1.0,1.0,1.0,864691135489218668,3,"[[127745 180987  21829]
 [127799 168227  22142]
 [145826 168883  22019]]",5600,100,0.5277777777777780,good,"[[127629 180936  21828]
 [127878 168298  22143]
 [145835 168944  22018]]"
85,86,1.0,1.0,1.0,864691135489218668,3,"[[127745 180987  21829]
 [127799 168227  22142]
 [145826 168883  22019]]",5600,100,0.5822222222222220,good,"[[127629 180936  21828]
 [127878 168298  22143]
 [145835 168944  22018]]"
86,87,1.0,1.0,1.0,864691135489218668,3,"[[127745 180987  21829]
 [127799 168227  22142]
 [145826 168883  22019]]",5600,100,0.6366666666666670,good,"[[127629 180936  21828]
 [127878 168298  22143]
 [145835 168944  22018]]"
87,88,1.0,1.0,1.0,864691135489218668,3,"[[127745 180987  21829]
 [127799 168227  22142]
 [145826 168883  22019]]",5600,100,0.6911111111111110,good,"[[127629 180936  21828]
 [127878 168298  22143]
 [145835 168944  22018]]"
88,89,1.0,1.0,1.0,864691135489218668,3,"[[127745 180987  21829]
 [127799 168227  22142]
 [145826 168883  22019]]",5600,100,0.7455555555555560,good,"[[127629 180936  21828]
 [127878 168298  22143]
 [145835 168944  22018]]"
89,90,1.0,1.0,1.0,864691135489218668,3,"[[127745 180987  21829]
 [127799 168227  22142]
 [145826 168883  22019]]",5600,100,0.8,good,"[[127633 180938  21828]
 [127834 168507  22169]
 [145835 168944  22018]]"
90,91,1.0,1.0,1.0,864691135489218668,3,"[[127745 180987  21829]
 [127799 168227  22142]
 [145826 168883  22019]]",5600,110,0.31,good,"[[127629 180935  21828]
 [127848 168282  22143]
 [145726 168677  22031]]"
91,92,1.0,1.0,1.0,864691135489218668,3,"[[127745 180987  21829]
 [127799 168227  22142]
 [145826 168883  22019]]",5600,110,0.36444444444444400,good,"[[127629 180935  21828]
 [127848 168282  22143]
 [145726 168677  22031]]"
92,93,1.0,1.0,1.0,864691135489218668,3,"[[127745 180987  21829]
 [127799 168227  22142]
 [145826 168883  22019]]",5600,110,0.41888888888888900,good,"[[127630 180936  21828]
 [127848 168282  22143]
 [145832 168947  22018]]"
93,94,1.0,1.0,1.0,864691135489218668,3,"[[127745 180987  21829]
 [127799 168227  22142]
 [145826 168883  22019]]",5600,110,0.47333333333333300,good,"[[127630 180936  21828]
 [127848 168282  22143]
 [145832 168947  22018]]"
94,95,1.0,1.0,1.0,864691135489218668,3,"[[127745 180987  21829]
 [127799 168227  22142]
 [145826 168883  22019]]",5600,110,0.5277777777777780,good,"[[127630 180936  21828]
 [127848 168282  22143]
 [145835 168944  22018]]"
95,96,1.0,1.0,1.0,864691135489218668,3,"[[127745 180987  21829]
 [127799 168227  22142]
 [145826 168883  22019]]",5600,110,0.5822222222222220,good,"[[127630 180936  21828]
 [127848 168282  22143]
 [145835 168944  22018]]"
96,97,1.0,1.0,1.0,864691135489218668,3,"[[127745 180987  21829]
 [127799 168227  22142]
 [145826 168883  22019]]",5600,110,0.6366666666666670,good,"[[127629 180936  21828]
 [127848 168282  22143]
 [145835 168944  22018]]"
97,98,1.0,1.0,1.0,864691135489218668,3,"[[127745 180987  21829]
 [127799 168227  22142]
 [145826 168883  22019]]",5600,110,0.6911111111111110,good,"[[127629 180936  21828]
 [127848 168282  22143]
 [145835 168944  22018]]"
98,99,1.0,1.0,1.0,864691135489218668,3,"[[127745 180987  21829]
 [127799 168227  22142]
 [145826 168883  22019]]",5600,110,0.7455555555555560,good,"[[127629 180936  21828]
 [127877 168297  22143]
 [145835 168944  22018]]"
99,100,1.0,1.0,1.0,864691135489218668,3,"[[127745 180987  21829]
 [127799 168227  22142]
 [145826 168883  22019]]",5600,110,0.8,good,"[[127633 180938  21828]
 [127875 168296  22143]
 [145835 168944  22018]]"
100,101,1.0,1.0,1.0,864691135489218668,3,"[[127745 180987  21829]
 [127799 168227  22142]
 [145826 168883  22019]]",5600,120,0.31,good,"[[127630 180936  21828]
 [127848 168282  22143]
 [145726 168672  22031]]"
101,102,1.0,1.0,1.0,864691135489218668,3,"[[127745 180987  21829]
 [127799 168227  22142]
 [145826 168883  22019]]",5600,120,0.36444444444444400,good,"[[127630 180936  21828]
 [127848 168282  22143]
 [145727 168678  22031]]"
102,103,1.0,1.0,1.0,864691135489218668,3,"[[127745 180987  21829]
 [127799 168227  22142]
 [145826 168883  22019]]",5600,120,0.41888888888888900,good,"[[127630 180936  21828]
 [127848 168282  22143]
 [145832 168946  22018]]"
103,104,1.0,1.0,1.0,864691135489218668,3,"[[127745 180987  21829]
 [127799 168227  22142]
 [145826 168883  22019]]",5600,120,0.47333333333333300,good,"[[127630 180935  21828]
 [127848 168282  22143]
 [145832 168946  22018]]"
104,105,1.0,1.0,1.0,864691135489218668,3,"[[127745 180987  21829]
 [127799 168227  22142]
 [145826 168883  22019]]",5600,120,0.5277777777777780,good,"[[127630 180935  21828]
 [127848 168282  22143]
 [145827 168947  22018]]"
105,106,1.0,1.0,1.0,864691135489218668,3,"[[127745 180987  21829]
 [127799 168227  22142]
 [145826 168883  22019]]",5600,120,0.5822222222222220,good,"[[127630 180935  21828]
 [127848 168282  22143]
 [145827 168947  22018]]"
106,107,1.0,1.0,1.0,864691135489218668,3,"[[127745 180987  21829]
 [127799 168227  22142]
 [145826 168883  22019]]",5600,120,0.6366666666666670,good,"[[127630 180935  21828]
 [127848 168282  22143]
 [145827 168947  22018]]"
107,108,1.0,1.0,1.0,864691135489218668,3,"[[127745 180987  21829]
 [127799 168227  22142]
 [145826 168883  22019]]",5600,120,0.6911111111111110,good,"[[127630 180935  21828]
 [127848 168282  22143]
 [145835 168944  22018]]"
108,109,1.0,1.0,1.0,864691135489218668,3,"[[127745 180987  21829]
 [127799 168227  22142]
 [145826 168883  22019]]",5600,120,0.7455555555555560,good,"[[127630 180936  21828]
 [127875 168296  22143]
 [145835 168944  22018]]"
109,110,1.0,1.0,1.0,864691135489218668,3,"[[127745 180987  21829]
 [127799 168227  22142]
 [145826 168883  22019]]",5600,120,0.8,good,"[[127630 180936  21828]
 [127875 168296  22143]
 [145835 168944  22018]]"
110,111,1.0,1.0,1.0,864691135489218668,3,"[[127745 180987  21829]
 [127799 168227  22142]
 [145826 168883  22019]]",5600,130,0.31,good,"[[127631 180936  21828]
 [127849 168282  22143]
 [145726 168672  22031]]"
111,112,1.0,1.0,1.0,864691135489218668,3,"[[127745 180987  21829]
 [127799 168227  22142]
 [145826 168883  22019]]",5600,130,0.36444444444444400,good,"[[127631 180936  21828]
 [127849 168282  22143]
 [145727 168678  22031]]"
112,113,1.0,1.0,1.0,864691135489218668,3,"[[127745 180987  21829]
 [127799 168227  22142]
 [145826 168883  22019]]",5600,130,0.41888888888888900,good,"[[127631 180936  21828]
 [127849 168282  22143]
 [145727 168678  22031]]"
113,114,1.0,1.0,1.0,864691135489218668,3,"[[127745 180987  21829]
 [127799 168227  22142]
 [145826 168883  22019]]",5600,130,0.47333333333333300,good,"[[127630 180935  21828]
 [127849 168282  22143]
 [145832 168946  22018]]"
114,115,1.0,1.0,1.0,864691135489218668,3,"[[127745 180987  21829]
 [127799 168227  22142]
 [145826 168883  22019]]",5600,130,0.5277777777777780,good,"[[127630 180935  21828]
 [127849 168282  22143]
 [145827 168947  22018]]"
115,116,1.0,1.0,1.0,864691135489218668,3,"[[127745 180987  21829]
 [127799 168227  22142]
 [145826 168883  22019]]",5600,130,0.5822222222222220,good,"[[127630 180935  21828]
 [127849 168282  22143]
 [145827 168947  22018]]"
116,117,1.0,1.0,1.0,864691135489218668,3,"[[127745 180987  21829]
 [127799 168227  22142]
 [145826 168883  22019]]",5600,130,0.6366666666666670,good,"[[127630 180935  21828]
 [127849 168282  22143]
 [145834 168943  22018]]"
117,118,1.0,1.0,1.0,864691135489218668,3,"[[127745 180987  21829]
 [127799 168227  22142]
 [145826 168883  22019]]",5600,130,0.6911111111111110,good,"[[127630 180935  21828]
 [127849 168282  22143]
 [145834 168943  22018]]"
118,119,1.0,1.0,1.0,864691135489218668,3,"[[127745 180987  21829]
 [127799 168227  22142]
 [145826 168883  22019]]",5600,130,0.7455555555555560,good,"[[127630 180935  21828]
 [127875 168296  22143]
 [145834 168943  22018]]"
119,120,1.0,1.0,1.0,864691135489218668,3,"[[127745 180987  21829]
 [127799 168227  22142]
 [145826 168883  22019]]",5600,130,0.8,good,"[[127630 180935  21828]
 [127875 168296  22143]
 [145834 168943  22018]]"
120,121,1.0,1.0,1.0,864691135489218668,3,"[[127745 180987  21829]
 [127799 168227  22142]
 [145826 168883  22019]]",5600,140,0.31,good,"[[127631 180935  21828]
 [127902 168307  22143]
 [145725 168670  22031]]"
121,122,1.0,1.0,1.0,864691135489218668,3,"[[127745 180987  21829]
 [127799 168227  22142]
 [145826 168883  22019]]",5600,140,0.36444444444444400,good,"[[127631 180935  21828]
 [127906 168308  22142]
 [145727 168678  22031]]"
122,123,1.0,1.0,1.0,864691135489218668,3,"[[127745 180987  21829]
 [127799 168227  22142]
 [145826 168883  22019]]",5600,140,0.41888888888888900,good,"[[127631 180935  21828]
 [127906 168308  22142]
 [145727 168678  22031]]"
123,124,1.0,1.0,1.0,864691135489218668,3,"[[127745 180987  21829]
 [127799 168227  22142]
 [145826 168883  22019]]",5600,140,0.47333333333333300,good,"[[127631 180935  21828]
 [127880 168298  22143]
 [145831 168946  22018]]"
124,125,1.0,1.0,1.0,864691135489218668,3,"[[127745 180987  21829]
 [127799 168227  22142]
 [145826 168883  22019]]",5600,140,0.5277777777777780,good,"[[127631 180935  21828]
 [127880 168298  22143]
 [145827 168947  22018]]"
125,126,1.0,1.0,1.0,864691135489218668,3,"[[127745 180987  21829]
 [127799 168227  22142]
 [145826 168883  22019]]",5600,140,0.5822222222222220,good,"[[127631 180935  21828]
 [127880 168298  22143]
 [145827 168947  22018]]"
126,127,1.0,1.0,1.0,864691135489218668,3,"[[127745 180987  21829]
 [127799 168227  22142]
 [145826 168883  22019]]",5600,140,0.6366666666666670,good,"[[127631 180935  21828]
 [127880 168298  22143]
 [145834 168943  22018]]"
127,128,1.0,1.0,1.0,864691135489218668,3,"[[127745 180987  21829]
 [127799 168227  22142]
 [145826 168883  22019]]",5600,140,0.6911111111111110,good,"[[127631 180935  21828]
 [127880 168298  22143]
 [145834 168943  22018]]"
128,129,1.0,1.0,1.0,864691135489218668,3,"[[127745 180987  21829]
 [127799 168227  22142]
 [145826 168883  22019]]",5600,140,0.7455555555555560,good,"[[127631 180935  21828]
 [127878 168297  22143]
 [145834 168943  22018]]"
129,130,1.0,1.0,1.0,864691135489218668,3,"[[127745 180987  21829]
 [127799 168227  22142]
 [145826 168883  22019]]",5600,140,0.8,good,"[[127631 180935  21828]
 [127878 168297  22143]
 [145834 168943  22018]]"
130,131,1.0,1.0,1.0,864691135489218668,3,"[[127745 180987  21829]
 [127799 168227  22142]
 [145826 168883  22019]]",5600,150,0.31,good,"[[127632 180935  21828]
 [127905 168309  22142]
 [145725 168670  22031]]"
131,132,1.0,1.0,1.0,864691135489218668,3,"[[127745 180987  21829]
 [127799 168227  22142]
 [145826 168883  22019]]",5600,150,0.36444444444444400,good,"[[127632 180935  21828]
 [127905 168309  22142]
 [145727 168678  22031]]"
132,133,1.0,1.0,1.0,864691135489218668,3,"[[127745 180987  21829]
 [127799 168227  22142]
 [145826 168883  22019]]",5600,150,0.41888888888888900,good,"[[127632 180935  21828]
 [127881 168299  22143]
 [145727 168678  22031]]"
133,134,1.0,1.0,1.0,864691135489218668,3,"[[127745 180987  21829]
 [127799 168227  22142]
 [145826 168883  22019]]",5600,150,0.47333333333333300,good,"[[127631 180935  21828]
 [127881 168299  22143]
 [145831 168946  22018]]"
134,135,1.0,1.0,1.0,864691135489218668,3,"[[127745 180987  21829]
 [127799 168227  22142]
 [145826 168883  22019]]",5600,150,0.5277777777777780,good,"[[127631 180935  21828]
 [127881 168299  22143]
 [145827 168947  22018]]"
135,136,1.0,1.0,1.0,864691135489218668,3,"[[127745 180987  21829]
 [127799 168227  22142]
 [145826 168883  22019]]",5600,150,0.5822222222222220,good,"[[127631 180935  21828]
 [127881 168299  22143]
 [145827 168947  22018]]"
136,137,1.0,1.0,1.0,864691135489218668,3,"[[127745 180987  21829]
 [127799 168227  22142]
 [145826 168883  22019]]",5600,150,0.6366666666666670,good,"[[127631 180935  21828]
 [127881 168299  22143]
 [145834 168943  22018]]"
137,138,1.0,1.0,1.0,864691135489218668,3,"[[127745 180987  21829]
 [127799 168227  22142]
 [145826 168883  22019]]",5600,150,0.6911111111111110,good,"[[127631 180935  21828]
 [127881 168299  22143]
 [145834 168943  22018]]"
138,139,1.0,1.0,1.0,864691135489218668,3,"[[127745 180987  21829]
 [127799 168227  22142]
 [145826 168883  22019]]",5600,150,0.7455555555555560,good,"[[127631 180935  21828]
 [127881 168299  22143]
 [145834 168943  22018]]"
139,140,1.0,1.0,1.0,864691135489218668,3,"[[127745 180987  21829]
 [127799 168227  22142]
 [145826 168883  22019]]",5600,150,0.8,good,"[[127631 180935  21828]
 [127878 168297  22143]
 [145834 168943  22018]]"
140,141,1.0,1.0,1.0,864691135489218668,3,"[[127745 180987  21829]
 [127799 168227  22142]
 [145826 168883  22019]]",5800,20,0.31,good,"[[127624 180939  21828]
 [127869 168297  22143]
 [145852 168936  22017]]"
141,142,1.0,1.0,1.0,864691135489218668,3,"[[127745 180987  21829]
 [127799 168227  22142]
 [145826 168883  22019]]",5800,20,0.36444444444444400,good,"[[127624 180939  21828]
 [127869 168297  22143]
 [145852 168936  22017]]"
142,143,1.0,1.0,1.0,864691135489218668,3,"[[127745 180987  21829]
 [127799 168227  22142]
 [145826 168883  22019]]",5800,20,0.41888888888888900,good,"[[127624 180939  21828]
 [127864 168294  22143]
 [145852 168936  22017]]"
143,144,1.0,1.0,1.0,864691135489218668,3,"[[127745 180987  21829]
 [127799 168227  22142]
 [145826 168883  22019]]",5800,20,0.47333333333333300,good,"[[127624 180939  21828]
 [127864 168294  22143]
 [145837 168946  22018]]"
144,145,1.0,1.0,1.0,864691135489218668,3,"[[127745 180987  21829]
 [127799 168227  22142]
 [145826 168883  22019]]",5800,20,0.5277777777777780,good,"[[127625 180939  21828]
 [127864 168294  22143]
 [145837 168946  22018]]"
145,146,1.0,1.0,1.0,864691135489218668,3,"[[127745 180987  21829]
 [127799 168227  22142]
 [145826 168883  22019]]",5800,20,0.5822222222222220,good,"[[127625 180939  21828]
 [127837 168509  22170]
 [145837 168946  22018]]"
146,147,1.0,1.0,1.0,864691135489218668,3,"[[127745 180987  21829]
 [127799 168227  22142]
 [145826 168883  22019]]",5800,20,0.6366666666666670,good,"[[127624 180939  21828]
 [127837 168508  22170]
 [145837 168946  22018]]"
147,148,1.0,1.0,1.0,864691135489218668,3,"[[127745 180987  21829]
 [127799 168227  22142]
 [145826 168883  22019]]",5800,20,0.6911111111111110,good,"[[127624 180939  21828]
 [127837 168508  22170]
 [145839 168945  22018]]"
148,149,1.0,1.0,1.0,864691135489218668,3,"[[127745 180987  21829]
 [127799 168227  22142]
 [145826 168883  22019]]",5800,20,0.7455555555555560,good,"[[127627 180942  21828]
 [127837 168508  22170]
 [145839 168945  22018]]"
149,150,1.0,1.0,1.0,864691135489218668,3,"[[127745 180987  21829]
 [127799 168227  22142]
 [145826 168883  22019]]",5800,20,0.8,good,"[[127627 180942  21828]
 [127834 168510  22169]
 [145844 168940  22017]]"
150,151,1.0,1.0,1.0,864691135489218668,3,"[[127745 180987  21829]
 [127799 168227  22142]
 [145826 168883  22019]]",5800,30,0.31,good,"[[127625 180939  21828]
 [127873 168297  22143]
 [145835 168945  22018]]"
151,152,1.0,1.0,1.0,864691135489218668,3,"[[127745 180987  21829]
 [127799 168227  22142]
 [145826 168883  22019]]",5800,30,0.36444444444444400,good,"[[127625 180939  21828]
 [127873 168297  22143]
 [145835 168945  22018]]"
152,153,1.0,1.0,1.0,864691135489218668,3,"[[127745 180987  21829]
 [127799 168227  22142]
 [145826 168883  22019]]",5800,30,0.41888888888888900,good,"[[127625 180939  21828]
 [127873 168297  22143]
 [145836 168946  22018]]"
153,154,1.0,1.0,1.0,864691135489218668,3,"[[127745 180987  21829]
 [127799 168227  22142]
 [145826 168883  22019]]",5800,30,0.47333333333333300,good,"[[127625 180939  21828]
 [127873 168297  22143]
 [145836 168946  22018]]"
154,155,1.0,1.0,1.0,864691135489218668,3,"[[127745 180987  21829]
 [127799 168227  22142]
 [145826 168883  22019]]",5800,30,0.5277777777777780,good,"[[127625 180939  21828]
 [127857 168289  22143]
 [145836 168946  22018]]"
155,156,1.0,1.0,1.0,864691135489218668,3,"[[127745 180987  21829]
 [127799 168227  22142]
 [145826 168883  22019]]",5800,30,0.5822222222222220,good,"[[127625 180939  21828]
 [127857 168289  22143]
 [145836 168946  22018]]"
156,157,1.0,1.0,1.0,864691135489218668,3,"[[127745 180987  21829]
 [127799 168227  22142]
 [145826 168883  22019]]",5800,30,0.6366666666666670,good,"[[127627 180940  21828]
 [127857 168289  22143]
 [145838 168945  22018]]"
157,158,1.0,1.0,1.0,864691135489218668,3,"[[127745 180987  21829]
 [127799 168227  22142]
 [145826 168883  22019]]",5800,30,0.6911111111111110,good,"[[127627 180940  21828]
 [127836 168509  22170]
 [145838 168945  22018]]"
158,159,1.0,1.0,1.0,864691135489218668,3,"[[127745 180987  21829]
 [127799 168227  22142]
 [145826 168883  22019]]",5800,30,0.7455555555555560,good,"[[127627 180940  21828]
 [127836 168509  22170]
 [145833 168943  22017]]"
159,160,1.0,1.0,1.0,864691135489218668,3,"[[127745 180987  21829]
 [127799 168227  22142]
 [145826 168883  22019]]",5800,30,0.8,good,"[[127628 180941  21828]
 [127836 168509  22170]
 [145838 168945  22018]]"
160,161,1.0,1.0,1.0,864691135489218668,3,"[[127745 180987  21829]
 [127799 168227  22142]
 [145826 168883  22019]]",5800,40,0.31,good,"[[127626 180937  21828]
 [127874 168297  22143]
 [145722 168673  22031]]"
161,162,1.0,1.0,1.0,864691135489218668,3,"[[127745 180987  21829]
 [127799 168227  22142]
 [145826 168883  22019]]",5800,40,0.36444444444444400,good,"[[127626 180937  21828]
 [127874 168297  22143]
 [145835 168946  22018]]"
162,163,1.0,1.0,1.0,864691135489218668,3,"[[127745 180987  21829]
 [127799 168227  22142]
 [145826 168883  22019]]",5800,40,0.41888888888888900,good,"[[127626 180938  21828]
 [127874 168297  22143]
 [145835 168946  22018]]"
163,164,1.0,1.0,1.0,864691135489218668,3,"[[127745 180987  21829]
 [127799 168227  22142]
 [145826 168883  22019]]",5800,40,0.47333333333333300,good,"[[127626 180938  21828]
 [127874 168297  22143]
 [145835 168946  22018]]"
164,165,1.0,1.0,1.0,864691135489218668,3,"[[127745 180987  21829]
 [127799 168227  22142]
 [145826 168883  22019]]",5800,40,0.5277777777777780,good,"[[127626 180938  21828]
 [127874 168297  22143]
 [145835 168946  22018]]"
165,166,1.0,1.0,1.0,864691135489218668,3,"[[127745 180987  21829]
 [127799 168227  22142]
 [145826 168883  22019]]",5800,40,0.5822222222222220,good,"[[127626 180938  21828]
 [127857 168289  22143]
 [145837 168945  22018]]"
166,167,1.0,1.0,1.0,864691135489218668,3,"[[127745 180987  21829]
 [127799 168227  22142]
 [145826 168883  22019]]",5800,40,0.6366666666666670,good,"[[127626 180938  21828]
 [127857 168289  22143]
 [145837 168945  22018]]"
167,168,1.0,1.0,1.0,864691135489218668,3,"[[127745 180987  21829]
 [127799 168227  22142]
 [145826 168883  22019]]",5800,40,0.6911111111111110,good,"[[127628 180940  21828]
 [127835 168509  22170]
 [145832 168943  22017]]"
168,169,1.0,1.0,1.0,864691135489218668,3,"[[127745 180987  21829]
 [127799 168227  22142]
 [145826 168883  22019]]",5800,40,0.7455555555555560,good,"[[127628 180940  21828]
 [127836 168509  22170]
 [145832 168943  22017]]"
169,170,1.0,1.0,1.0,864691135489218668,3,"[[127745 180987  21829]
 [127799 168227  22142]
 [145826 168883  22019]]",5800,40,0.8,good,"[[127628 180940  21828]
 [127836 168509  22170]
 [145837 168945  22018]]"
170,171,1.0,1.0,1.0,864691135489218668,3,"[[127745 180987  21829]
 [127799 168227  22142]
 [145826 168883  22019]]",5800,50,0.31,good,"[[127626 180937  21828]
 [127875 168295  22143]
 [145725 168677  22031]]"
171,172,1.0,1.0,1.0,864691135489218668,3,"[[127745 180987  21829]
 [127799 168227  22142]
 [145826 168883  22019]]",5800,50,0.36444444444444400,good,"[[127626 180937  21828]
 [127875 168297  22143]
 [145834 168947  22018]]"
172,173,1.0,1.0,1.0,864691135489218668,3,"[[127745 180987  21829]
 [127799 168227  22142]
 [145826 168883  22019]]",5800,50,0.41888888888888900,good,"[[127627 180938  21828]
 [127875 168297  22143]
 [145834 168947  22018]]"
173,174,1.0,1.0,1.0,864691135489218668,3,"[[127745 180987  21829]
 [127799 168227  22142]
 [145826 168883  22019]]",5800,50,0.47333333333333300,good,"[[127627 180938  21828]
 [127875 168297  22143]
 [145834 168947  22018]]"
174,175,1.0,1.0,1.0,864691135489218668,3,"[[127745 180987  21829]
 [127799 168227  22142]
 [145826 168883  22019]]",5800,50,0.5277777777777780,good,"[[127627 180938  21828]
 [127875 168297  22143]
 [145834 168947  22018]]"
175,176,1.0,1.0,1.0,864691135489218668,3,"[[127745 180987  21829]
 [127799 168227  22142]
 [145826 168883  22019]]",5800,50,0.5822222222222220,good,"[[127627 180938  21828]
 [127875 168297  22143]
 [145837 168945  22018]]"
176,177,1.0,1.0,1.0,864691135489218668,3,"[[127745 180987  21829]
 [127799 168227  22142]
 [145826 168883  22019]]",5800,50,0.6366666666666670,good,"[[127626 180938  21828]
 [127875 168297  22143]
 [145829 168947  22018]]"
177,178,1.0,1.0,1.0,864691135489218668,3,"[[127745 180987  21829]
 [127799 168227  22142]
 [145826 168883  22019]]",5800,50,0.6911111111111110,good,"[[127626 180938  21828]
 [127857 168288  22143]
 [145837 168945  22018]]"
178,179,1.0,1.0,1.0,864691135489218668,3,"[[127745 180987  21829]
 [127799 168227  22142]
 [145826 168883  22019]]",5800,50,0.7455555555555560,good,"[[127626 180938  21828]
 [127835 168508  22169]
 [145837 168945  22018]]"
179,180,1.0,1.0,1.0,864691135489218668,3,"[[127745 180987  21829]
 [127799 168227  22142]
 [145826 168883  22019]]",5800,50,0.8,good,"[[127630 180940  21828]
 [127835 168509  22170]
 [145837 168945  22018]]"
180,181,1.0,1.0,1.0,864691135489218668,3,"[[127745 180987  21829]
 [127799 168227  22142]
 [145826 168883  22019]]",5800,60,0.31,good,"[[127626 180937  21828]
 [127851 168285  22143]
 [145725 168677  22031]]"
181,182,1.0,1.0,1.0,864691135489218668,3,"[[127745 180987  21829]
 [127799 168227  22142]
 [145826 168883  22019]]",5800,60,0.36444444444444400,good,"[[127626 180937  21828]
 [127851 168285  22143]
 [145834 168947  22018]]"
182,183,1.0,1.0,1.0,864691135489218668,3,"[[127745 180987  21829]
 [127799 168227  22142]
 [145826 168883  22019]]",5800,60,0.41888888888888900,good,"[[127627 180937  21828]
 [127851 168285  22143]
 [145834 168947  22018]]"
183,184,1.0,1.0,1.0,864691135489218668,3,"[[127745 180987  21829]
 [127799 168227  22142]
 [145826 168883  22019]]",5800,60,0.47333333333333300,good,"[[127627 180937  21828]
 [127875 168297  22143]
 [145834 168947  22018]]"
184,185,1.0,1.0,1.0,864691135489218668,3,"[[127745 180987  21829]
 [127799 168227  22142]
 [145826 168883  22019]]",5800,60,0.5277777777777780,good,"[[127627 180937  21828]
 [127875 168297  22143]
 [145834 168947  22018]]"
185,186,1.0,1.0,1.0,864691135489218668,3,"[[127745 180987  21829]
 [127799 168227  22142]
 [145826 168883  22019]]",5800,60,0.5822222222222220,good,"[[127627 180937  21828]
 [127875 168297  22143]
 [145836 168945  22018]]"
186,187,1.0,1.0,1.0,864691135489218668,3,"[[127745 180987  21829]
 [127799 168227  22142]
 [145826 168883  22019]]",5800,60,0.6366666666666670,good,"[[127627 180937  21828]
 [127873 168296  22143]
 [145836 168945  22018]]"
187,188,1.0,1.0,1.0,864691135489218668,3,"[[127745 180987  21829]
 [127799 168227  22142]
 [145826 168883  22019]]",5800,60,0.6911111111111110,good,"[[127627 180937  21828]
 [127870 168294  22143]
 [145836 168945  22018]]"
188,189,1.0,1.0,1.0,864691135489218668,3,"[[127745 180987  21829]
 [127799 168227  22142]
 [145826 168883  22019]]",5800,60,0.7455555555555560,good,"[[127627 180937  21828]
 [127834 168508  22169]
 [145836 168945  22018]]"
189,190,1.0,1.0,1.0,864691135489218668,3,"[[127745 180987  21829]
 [127799 168227  22142]
 [145826 168883  22019]]",5800,60,0.8,good,"[[127631 180940  21828]
 [127834 168508  22169]
 [145836 168945  22018]]"
190,191,1.0,1.0,1.0,864691135489218668,3,"[[127745 180987  21829]
 [127799 168227  22142]
 [145826 168883  22019]]",5800,70,0.31,good,"[[127628 180937  21828]
 [127851 168285  22143]
 [145725 168677  22031]]"
191,192,1.0,1.0,1.0,864691135489218668,3,"[[127745 180987  21829]
 [127799 168227  22142]
 [145826 168883  22019]]",5800,70,0.36444444444444400,good,"[[127628 180937  21828]
 [127851 168285  22143]
 [145725 168677  22031]]"
192,193,1.0,1.0,1.0,864691135489218668,3,"[[127745 180987  21829]
 [127799 168227  22142]
 [145826 168883  22019]]",5800,70,0.41888888888888900,good,"[[127628 180937  21828]
 [127851 168285  22143]
 [145833 168947  22018]]"
193,194,1.0,1.0,1.0,864691135489218668,3,"[[127745 180987  21829]
 [127799 168227  22142]
 [145826 168883  22019]]",5800,70,0.47333333333333300,good,"[[127628 180937  21828]
 [127875 168297  22143]
 [145833 168947  22018]]"
194,195,1.0,1.0,1.0,864691135489218668,3,"[[127745 180987  21829]
 [127799 168227  22142]
 [145826 168883  22019]]",5800,70,0.5277777777777780,good,"[[127628 180937  21828]
 [127875 168297  22143]
 [145836 168945  22018]]"
195,196,1.0,1.0,1.0,864691135489218668,3,"[[127745 180987  21829]
 [127799 168227  22142]
 [145826 168883  22019]]",5800,70,0.5822222222222220,good,"[[127628 180937  21828]
 [127875 168297  22143]
 [145836 168945  22018]]"
196,197,1.0,1.0,1.0,864691135489218668,3,"[[127745 180987  21829]
 [127799 168227  22142]
 [145826 168883  22019]]",5800,70,0.6366666666666670,good,"[[127627 180937  21828]
 [127875 168297  22143]
 [145836 168945  22018]]"
197,198,1.0,1.0,1.0,864691135489218668,3,"[[127745 180987  21829]
 [127799 168227  22142]
 [145826 168883  22019]]",5800,70,0.6911111111111110,good,"[[127627 180937  21828]
 [127874 168296  22143]
 [145836 168945  22018]]"
198,199,1.0,1.0,1.0,864691135489218668,3,"[[127745 180987  21829]
 [127799 168227  22142]
 [145826 168883  22019]]",5800,70,0.7455555555555560,good,"[[127627 180937  21828]
 [127870 168294  22143]
 [145836 168945  22018]]"
199,200,1.0,1.0,1.0,864691135489218668,3,"[[127745 180987  21829]
 [127799 168227  22142]
 [145826 168883  22019]]",5800,70,0.8,good,"[[127631 180939  21828]
 [127834 168508  22169]
 [145836 168945  22018]]"
200,201,1.0,1.0,1.0,864691135489218668,3,"[[127745 180987  21829]
 [127799 168227  22142]
 [145826 168883  22019]]",5800,80,0.31,good,"[[127628 180937  21828]
 [127901 168305  22142]
 [145725 168677  22031]]"
201,202,1.0,1.0,1.0,864691135489218668,3,"[[127745 180987  21829]
 [127799 168227  22142]
 [145826 168883  22019]]",5800,80,0.36444444444444400,good,"[[127628 180937  21828]
 [127856 168288  22143]
 [145725 168677  22031]]"
202,203,1.0,1.0,1.0,864691135489218668,3,"[[127745 180987  21829]
 [127799 168227  22142]
 [145826 168883  22019]]",5800,80,0.41888888888888900,good,"[[127628 180937  21828]
 [127877 168297  22143]
 [145833 168947  22018]]"
203,204,1.0,1.0,1.0,864691135489218668,3,"[[127745 180987  21829]
 [127799 168227  22142]
 [145826 168883  22019]]",5800,80,0.47333333333333300,good,"[[127628 180937  21828]
 [127877 168297  22143]
 [145833 168947  22018]]"
204,205,1.0,1.0,1.0,864691135489218668,3,"[[127745 180987  21829]
 [127799 168227  22142]
 [145826 168883  22019]]",5800,80,0.5277777777777780,good,"[[127628 180937  21828]
 [127877 168298  22143]
 [145836 168944  22018]]"
205,206,1.0,1.0,1.0,864691135489218668,3,"[[127745 180987  21829]
 [127799 168227  22142]
 [145826 168883  22019]]",5800,80,0.5822222222222220,good,"[[127628 180937  21828]
 [127877 168298  22143]
 [145836 168944  22018]]"
206,207,1.0,1.0,1.0,864691135489218668,3,"[[127745 180987  21829]
 [127799 168227  22142]
 [145826 168883  22019]]",5800,80,0.6366666666666670,good,"[[127628 180937  21828]
 [127877 168298  22143]
 [145828 168947  22018]]"
207,208,1.0,1.0,1.0,864691135489218668,3,"[[127745 180987  21829]
 [127799 168227  22142]
 [145826 168883  22019]]",5800,80,0.6911111111111110,good,"[[127628 180937  21828]
 [127877 168298  22143]
 [145836 168944  22018]]"
208,209,1.0,1.0,1.0,864691135489218668,3,"[[127745 180987  21829]
 [127799 168227  22142]
 [145826 168883  22019]]",5800,80,0.7455555555555560,good,"[[127628 180937  21828]
 [127877 168298  22143]
 [145836 168944  22018]]"
209,210,1.0,1.0,1.0,864691135489218668,3,"[[127745 180987  21829]
 [127799 168227  22142]
 [145826 168883  22019]]",5800,80,0.8,good,"[[127632 180939  21828]
 [127834 168508  22169]
 [145836 168944  22018]]"
210,211,1.0,1.0,1.0,864691135489218668,3,"[[127745 180987  21829]
 [127799 168227  22142]
 [145826 168883  22019]]",5800,90,0.31,good,"[[127628 180936  21828]
 [127890 168303  22143]
 [145726 168677  22031]]"
211,212,1.0,1.0,1.0,864691135489218668,3,"[[127745 180987  21829]
 [127799 168227  22142]
 [145826 168883  22019]]",5800,90,0.36444444444444400,good,"[[127628 180936  21828]
 [127877 168297  22143]
 [145726 168677  22031]]"
212,213,1.0,1.0,1.0,864691135489218668,3,"[[127745 180987  21829]
 [127799 168227  22142]
 [145826 168883  22019]]",5800,90,0.41888888888888900,good,"[[127629 180936  21828]
 [127877 168297  22143]
 [145832 168947  22018]]"
213,214,1.0,1.0,1.0,864691135489218668,3,"[[127745 180987  21829]
 [127799 168227  22142]
 [145826 168883  22019]]",5800,90,0.47333333333333300,good,"[[127629 180936  21828]
 [127877 168297  22143]
 [145832 168947  22018]]"
214,215,1.0,1.0,1.0,864691135489218668,3,"[[127745 180987  21829]
 [127799 168227  22142]
 [145826 168883  22019]]",5800,90,0.5277777777777780,good,"[[127629 180936  21828]
 [127877 168297  22143]
 [145835 168944  22018]]"
215,216,1.0,1.0,1.0,864691135489218668,3,"[[127745 180987  21829]
 [127799 168227  22142]
 [145826 168883  22019]]",5800,90,0.5822222222222220,good,"[[127629 180936  21828]
 [127877 168297  22143]
 [145827 168947  22018]]"
216,217,1.0,1.0,1.0,864691135489218668,3,"[[127745 180987  21829]
 [127799 168227  22142]
 [145826 168883  22019]]",5800,90,0.6366666666666670,good,"[[127628 180936  21828]
 [127877 168297  22143]
 [145827 168947  22018]]"
217,218,1.0,1.0,1.0,864691135489218668,3,"[[127745 180987  21829]
 [127799 168227  22142]
 [145826 168883  22019]]",5800,90,0.6911111111111110,good,"[[127628 180936  21828]
 [127877 168297  22143]
 [145835 168944  22018]]"
218,219,1.0,1.0,1.0,864691135489218668,3,"[[127745 180987  21829]
 [127799 168227  22142]
 [145826 168883  22019]]",5800,90,0.7455555555555560,good,"[[127628 180936  21828]
 [127877 168297  22143]
 [145835 168944  22018]]"
219,220,1.0,1.0,1.0,864691135489218668,3,"[[127745 180987  21829]
 [127799 168227  22142]
 [145826 168883  22019]]",5800,90,0.8,good,"[[127632 180938  21828]
 [127834 168507  22169]
 [145835 168944  22018]]"
220,221,1.0,1.0,1.0,864691135489218668,3,"[[127745 180987  21829]
 [127799 168227  22142]
 [145826 168883  22019]]",5800,100,0.31,good,"[[127629 180935  21828]
 [127903 168308  22142]
 [145726 168677  22031]]"
221,222,1.0,1.0,1.0,864691135489218668,3,"[[127745 180987  21829]
 [127799 168227  22142]
 [145826 168883  22019]]",5800,100,0.36444444444444400,good,"[[127629 180935  21828]
 [127878 168298  22143]
 [145726 168677  22031]]"
222,223,1.0,1.0,1.0,864691135489218668,3,"[[127745 180987  21829]
 [127799 168227  22142]
 [145826 168883  22019]]",5800,100,0.41888888888888900,good,"[[127629 180936  21828]
 [127878 168298  22143]
 [145832 168947  22018]]"
223,224,1.0,1.0,1.0,864691135489218668,3,"[[127745 180987  21829]
 [127799 168227  22142]
 [145826 168883  22019]]",5800,100,0.47333333333333300,good,"[[127629 180936  21828]
 [127878 168298  22143]
 [145832 168947  22018]]"
224,225,1.0,1.0,1.0,864691135489218668,3,"[[127745 180987  21829]
 [127799 168227  22142]
 [145826 168883  22019]]",5800,100,0.5277777777777780,good,"[[127629 180936  21828]
 [127878 168298  22143]
 [145835 168944  22018]]"
225,226,1.0,1.0,1.0,864691135489218668,3,"[[127745 180987  21829]
 [127799 168227  22142]
 [145826 168883  22019]]",5800,100,0.5822222222222220,good,"[[127629 180936  21828]
 [127878 168298  22143]
 [145835 168944  22018]]"
226,227,1.0,1.0,1.0,864691135489218668,3,"[[127745 180987  21829]
 [127799 168227  22142]
 [145826 168883  22019]]",5800,100,0.6366666666666670,good,"[[127629 180936  21828]
 [127878 168298  22143]
 [145835 168944  22018]]"
227,228,1.0,1.0,1.0,864691135489218668,3,"[[127745 180987  21829]
 [127799 168227  22142]
 [145826 168883  22019]]",5800,100,0.6911111111111110,good,"[[127629 180936  21828]
 [127878 168298  22143]
 [145835 168944  22018]]"
228,229,1.0,1.0,1.0,864691135489218668,3,"[[127745 180987  21829]
 [127799 168227  22142]
 [145826 168883  22019]]",5800,100,0.7455555555555560,good,"[[127629 180936  21828]
 [127878 168298  22143]
 [145835 168944  22018]]"
229,230,1.0,1.0,1.0,864691135489218668,3,"[[127745 180987  21829]
 [127799 168227  22142]
 [145826 168883  22019]]",5800,100,0.8,good,"[[127633 180938  21828]
 [127834 168507  22169]
 [145835 168944  22018]]"
230,231,1.0,1.0,1.0,864691135489218668,3,"[[127745 180987  21829]
 [127799 168227  22142]
 [145826 168883  22019]]",5800,110,0.31,good,"[[127629 180935  21828]
 [127848 168282  22143]
 [145726 168677  22031]]"
231,232,1.0,1.0,1.0,864691135489218668,3,"[[127745 180987  21829]
 [127799 168227  22142]
 [145826 168883  22019]]",5800,110,0.36444444444444400,good,"[[127629 180935  21828]
 [127848 168282  22143]
 [145726 168677  22031]]"
232,233,1.0,1.0,1.0,864691135489218668,3,"[[127745 180987  21829]
 [127799 168227  22142]
 [145826 168883  22019]]",5800,110,0.41888888888888900,good,"[[127630 180936  21828]
 [127848 168282  22143]
 [145832 168947  22018]]"
233,234,1.0,1.0,1.0,864691135489218668,3,"[[127745 180987  21829]
 [127799 168227  22142]
 [145826 168883  22019]]",5800,110,0.47333333333333300,good,"[[127630 180936  21828]
 [127848 168282  22143]
 [145832 168947  22018]]"
234,235,1.0,1.0,1.0,864691135489218668,3,"[[127745 180987  21829]
 [127799 168227  22142]
 [145826 168883  22019]]",5800,110,0.5277777777777780,good,"[[127630 180936  21828]
 [127848 168282  22143]
 [145835 168944  22018]]"
235,236,1.0,1.0,1.0,864691135489218668,3,"[[127745 180987  21829]
 [127799 168227  22142]
 [145826 168883  22019]]",5800,110,0.5822222222222220,good,"[[127630 180936  21828]
 [127848 168282  22143]
 [145835 168944  22018]]"
236,237,1.0,1.0,1.0,864691135489218668,3,"[[127745 180987  21829]
 [127799 168227  22142]
 [145826 168883  22019]]",5800,110,0.6366666666666670,good,"[[127629 180936  21828]
 [127848 168282  22143]
 [145835 168944  22018]]"
237,238,1.0,1.0,1.0,864691135489218668,3,"[[127745 180987  21829]
 [127799 168227  22142]
 [145826 168883  22019]]",5800,110,0.6911111111111110,good,"[[127629 180936  21828]
 [127848 168282  22143]
 [145835 168944  22018]]"
238,239,1.0,1.0,1.0,864691135489218668,3,"[[127745 180987  21829]
 [127799 168227  22142]
 [145826 168883  22019]]",5800,110,0.7455555555555560,good,"[[127629 180936  21828]
 [127877 168297  22143]
 [145835 168944  22018]]"
239,240,1.0,1.0,1.0,864691135489218668,3,"[[127745 180987  21829]
 [127799 168227  22142]
 [145826 168883  22019]]",5800,110,0.8,good,"[[127633 180938  21828]
 [127875 168296  22143]
 [145835 168944  22018]]"
240,241,1.0,1.0,1.0,864691135489218668,3,"[[127745 180987  21829]
 [127799 168227  22142]
 [145826 168883  22019]]",5800,120,0.31,good,"[[127630 180936  21828]
 [127848 168282  22143]
 [145726 168672  22031]]"
241,242,1.0,1.0,1.0,864691135489218668,3,"[[127745 180987  21829]
 [127799 168227  22142]
 [145826 168883  22019]]",5800,120,0.36444444444444400,good,"[[127630 180936  21828]
 [127848 168282  22143]
 [145727 168678  22031]]"
242,243,1.0,1.0,1.0,864691135489218668,3,"[[127745 180987  21829]
 [127799 168227  22142]
 [145826 168883  22019]]",5800,120,0.41888888888888900,good,"[[127630 180936  21828]
 [127848 168282  22143]
 [145832 168946  22018]]"
243,244,1.0,1.0,1.0,864691135489218668,3,"[[127745 180987  21829]
 [127799 168227  22142]
 [145826 168883  22019]]",5800,120,0.47333333333333300,good,"[[127630 180935  21828]
 [127848 168282  22143]
 [145832 168946  22018]]"
244,245,1.0,1.0,1.0,864691135489218668,3,"[[127745 180987  21829]
 [127799 168227  22142]
 [145826 168883  22019]]",5800,120,0.5277777777777780,good,"[[127630 180935  21828]
 [127848 168282  22143]
 [145827 168947  22018]]"
245,246,1.0,1.0,1.0,864691135489218668,3,"[[127745 180987  21829]
 [127799 168227  22142]
 [145826 168883  22019]]",5800,120,0.5822222222222220,good,"[[127630 180935  21828]
 [127848 168282  22143]
 [145827 168947  22018]]"
246,247,1.0,1.0,1.0,864691135489218668,3,"[[127745 180987  21829]
 [127799 168227  22142]
 [145826 168883  22019]]",5800,120,0.6366666666666670,good,"[[127630 180935  21828]
 [127848 168282  22143]
 [145827 168947  22018]]"
247,248,1.0,1.0,1.0,864691135489218668,3,"[[127745 180987  21829]
 [127799 168227  22142]
 [145826 168883  22019]]",5800,120,0.6911111111111110,good,"[[127630 180935  21828]
 [127848 168282  22143]
 [145835 168944  22018]]"
248,249,1.0,1.0,1.0,864691135489218668,3,"[[127745 180987  21829]
 [127799 168227  22142]
 [145826 168883  22019]]",5800,120,0.7455555555555560,good,"[[127630 180936  21828]
 [127875 168296  22143]
 [145835 168944  22018]]"
249,250,1.0,1.0,1.0,864691135489218668,3,"[[127745 180987  21829]
 [127799 168227  22142]
 [145826 168883  22019]]",5800,120,0.8,good,"[[127630 180936  21828]
 [127875 168296  22143]
 [145835 168944  22018]]"
250,251,1.0,1.0,1.0,864691135489218668,3,"[[127745 180987  21829]
 [127799 168227  22142]
 [145826 168883  22019]]",5800,130,0.31,good,"[[127631 180936  21828]
 [127849 168282  22143]
 [145726 168672  22031]]"
251,252,1.0,1.0,1.0,864691135489218668,3,"[[127745 180987  21829]
 [127799 168227  22142]
 [145826 168883  22019]]",5800,130,0.36444444444444400,good,"[[127631 180936  21828]
 [127849 168282  22143]
 [145727 168678  22031]]"
252,253,1.0,1.0,1.0,864691135489218668,3,"[[127745 180987  21829]
 [127799 168227  22142]
 [145826 168883  22019]]",5800,130,0.41888888888888900,good,"[[127631 180936  21828]
 [127849 168282  22143]
 [145727 168678  22031]]"
253,254,1.0,1.0,1.0,864691135489218668,3,"[[127745 180987  21829]
 [127799 168227  22142]
 [145826 168883  22019]]",5800,130,0.47333333333333300,good,"[[127630 180935  21828]
 [127849 168282  22143]
 [145832 168946  22018]]"
254,255,1.0,1.0,1.0,864691135489218668,3,"[[127745 180987  21829]
 [127799 168227  22142]
 [145826 168883  22019]]",5800,130,0.5277777777777780,good,"[[127630 180935  21828]
 [127849 168282  22143]
 [145827 168947  22018]]"
255,256,1.0,1.0,1.0,864691135489218668,3,"[[127745 180987  21829]
 [127799 168227  22142]
 [145826 168883  22019]]",5800,130,0.5822222222222220,good,"[[127630 180935  21828]
 [127849 168282  22143]
 [145827 168947  22018]]"
256,257,1.0,1.0,1.0,864691135489218668,3,"[[127745 180987  21829]
 [127799 168227  22142]
 [145826 168883  22019]]",5800,130,0.6366666666666670,good,"[[127630 180935  21828]
 [127849 168282  22143]
 [145834 168943  22018]]"
257,258,1.0,1.0,1.0,864691135489218668,3,"[[127745 180987  21829]
 [127799 168227  22142]
 [145826 168883  22019]]",5800,130,0.6911111111111110,good,"[[127630 180935  21828]
 [127849 168282  22143]
 [145834 168943  22018]]"
258,259,1.0,1.0,1.0,864691135489218668,3,"[[127745 180987  21829]
 [127799 168227  22142]
 [145826 168883  22019]]",5800,130,0.7455555555555560,good,"[[127630 180935  21828]
 [127875 168296  22143]
 [145834 168943  22018]]"
259,260,1.0,1.0,1.0,864691135489218668,3,"[[127745 180987  21829]
 [127799 168227  22142]
 [145826 168883  22019]]",5800,130,0.8,good,"[[127630 180935  21828]
 [127875 168296  22143]
 [145834 168943  22018]]"
260,261,1.0,1.0,1.0,864691135489218668,3,"[[127745 180987  21829]
 [127799 168227  22142]
 [145826 168883  22019]]",5800,140,0.31,good,"[[127631 180935  21828]
 [127902 168307  22143]
 [145725 168670  22031]]"
261,262,1.0,1.0,1.0,864691135489218668,3,"[[127745 180987  21829]
 [127799 168227  22142]
 [145826 168883  22019]]",5800,140,0.36444444444444400,good,"[[127631 180935  21828]
 [127906 168308  22142]
 [145727 168678  22031]]"
262,263,1.0,1.0,1.0,864691135489218668,3,"[[127745 180987  21829]
 [127799 168227  22142]
 [145826 168883  22019]]",5800,140,0.41888888888888900,good,"[[127631 180935  21828]
 [127906 168308  22142]
 [145727 168678  22031]]"
263,264,1.0,1.0,1.0,864691135489218668,3,"[[127745 180987  21829]
 [127799 168227  22142]
 [145826 168883  22019]]",5800,140,0.47333333333333300,good,"[[127631 180935  21828]
 [127880 168298  22143]
 [145831 168946  22018]]"
264,265,1.0,1.0,1.0,864691135489218668,3,"[[127745 180987  21829]
 [127799 168227  22142]
 [145826 168883  22019]]",5800,140,0.5277777777777780,good,"[[127631 180935  21828]
 [127880 168298  22143]
 [145827 168947  22018]]"
265,266,1.0,1.0,1.0,864691135489218668,3,"[[127745 180987  21829]
 [127799 168227  22142]
 [145826 168883  22019]]",5800,140,0.5822222222222220,good,"[[127631 180935  21828]
 [127880 168298  22143]
 [145827 168947  22018]]"
266,267,1.0,1.0,1.0,864691135489218668,3,"[[127745 180987  21829]
 [127799 168227  22142]
 [145826 168883  22019]]",5800,140,0.6366666666666670,good,"[[127631 180935  21828]
 [127880 168298  22143]
 [145834 168943  22018]]"
267,268,1.0,1.0,1.0,864691135489218668,3,"[[127745 180987  21829]
 [127799 168227  22142]
 [145826 168883  22019]]",5800,140,0.6911111111111110,good,"[[127631 180935  21828]
 [127880 168298  22143]
 [145834 168943  22018]]"
268,269,1.0,1.0,1.0,864691135489218668,3,"[[127745 180987  21829]
 [127799 168227  22142]
 [145826 168883  22019]]",5800,140,0.7455555555555560,good,"[[127631 180935  21828]
 [127878 168297  22143]
 [145834 168943  22018]]"
269,270,1.0,1.0,1.0,864691135489218668,3,"[[127745 180987  21829]
 [127799 168227  22142]
 [145826 168883  22019]]",5800,140,0.8,good,"[[127631 180935  21828]
 [127878 168297  22143]
 [145834 168943  22018]]"
270,271,1.0,1.0,1.0,864691135489218668,3,"[[127745 180987  21829]
 [127799 168227  22142]
 [145826 168883  22019]]",5800,150,0.31,good,"[[127632 180935  21828]
 [127905 168309  22142]
 [145725 168670  22031]]"
271,272,1.0,1.0,1.0,864691135489218668,3,"[[127745 180987  21829]
 [127799 168227  22142]
 [145826 168883  22019]]",5800,150,0.36444444444444400,good,"[[127632 180935  21828]
 [127905 168309  22142]
 [145727 168678  22031]]"
272,273,1.0,1.0,1.0,864691135489218668,3,"[[127745 180987  21829]
 [127799 168227  22142]
 [145826 168883  22019]]",5800,150,0.41888888888888900,good,"[[127632 180935  21828]
 [127881 168299  22143]
 [145727 168678  22031]]"
273,274,1.0,1.0,1.0,864691135489218668,3,"[[127745 180987  21829]
 [127799 168227  22142]
 [145826 168883  22019]]",5800,150,0.47333333333333300,good,"[[127631 180935  21828]
 [127881 168299  22143]
 [145831 168946  22018]]"
274,275,1.0,1.0,1.0,864691135489218668,3,"[[127745 180987  21829]
 [127799 168227  22142]
 [145826 168883  22019]]",5800,150,0.5277777777777780,good,"[[127631 180935  21828]
 [127881 168299  22143]
 [145827 168947  22018]]"
275,276,1.0,1.0,1.0,864691135489218668,3,"[[127745 180987  21829]
 [127799 168227  22142]
 [145826 168883  22019]]",5800,150,0.5822222222222220,good,"[[127631 180935  21828]
 [127881 168299  22143]
 [145827 168947  22018]]"
276,277,1.0,1.0,1.0,864691135489218668,3,"[[127745 180987  21829]
 [127799 168227  22142]
 [145826 168883  22019]]",5800,150,0.6366666666666670,good,"[[127631 180935  21828]
 [127881 168299  22143]
 [145834 168943  22018]]"
277,278,1.0,1.0,1.0,864691135489218668,3,"[[127745 180987  21829]
 [127799 168227  22142]
 [145826 168883  22019]]",5800,150,0.6911111111111110,good,"[[127631 180935  21828]
 [127881 168299  22143]
 [145834 168943  22018]]"
278,279,1.0,1.0,1.0,864691135489218668,3,"[[127745 180987  21829]
 [127799 168227  22142]
 [145826 168883  22019]]",5800,150,0.7455555555555560,good,"[[127631 180935  21828]
 [127881 168299  22143]
 [145834 168943  22018]]"
279,280,1.0,1.0,1.0,864691135489218668,3,"[[127745 180987  21829]
 [127799 168227  22142]
 [145826 168883  22019]]",5800,150,0.8,good,"[[127631 180935  21828]
 [127878 168297  22143]
 [145834 168943  22018]]"